PLAYER NAME,SG_off_tee_2021_AVERAGE,SG_tee_green_2021_AVERAGE,driving_dist_2021_AVG.,pct_ydg_tee_2021_AVG (%),driving_320+_2021_%,SG_approach_green_2021_AVERAGE,GIR_pct_2021_%,GOFIR_pct_2021_%,GIR_pct_fwy_2021_%,GIR_pct_not_fwy_2021_%,fwy_prox_2021_AVG,rough_prox_2021_AVG,SG_ATG_2021_AVERAGE,pct_sand_save_2021_%,scrambling_2021_%,SG_putt_2021_AVERAGE,pct_one_putt_2021_%,pct_three_putt_avoid_2021_%,putt_avg_2021_AVG,putts_per_rd_2021_AVG,bogey_avoid_2021_% MAKES BOGEY,btb_ratio_2021_BIRDIE TO BOGEY RATIO,money_2021_MONEY,SG_off_tee_2020_AVERAGE,SG_tee_green_2020_AVERAGE,driving_dist_2020_AVG.,pct_ydg_tee_2020_AVG (%),driving_320+_2020_%,SG_approach_green_2020_AVERAGE,GIR_pct_2020_%,GOFIR_pct_2020_%,GIR_pct_fwy_2020_%,GIR_pct_not_fwy_2020_%,fwy_prox_2020_AVG,rough_prox_2020_AVG,SG_ATG_2020_AVERAGE,pct_sand_save_2020_%,scrambling_2020_%,SG_putt_2020_AVERAGE,pct_one_putt_2020_%,pct_three_putt_avoid_2020_%,putt_avg_2020_AVG,putts_per_rd_2020_AVG,bogey_avoid_2020_% MAKES BOGEY,btb_ratio_2020_BIRDIE TO BOGEY RATIO,money_2020_MONEY,SG_off_tee_2019_AVERAGE,SG_tee_green_2019_AVERAGE,driving_dist_2019_AVG.,pct_ydg_tee_2019_AVG (%),driving_320+_2019_%,SG_approach_green_2019_AVERAGE,GIR_pct_2019_%,GOFIR_pct_2019_%,GIR_pct_fwy_2019_%,GIR_pct_not_fwy_2019_%,fwy_prox_2019_AVG,rough_prox_2019_AVG,SG_ATG_2019_AVERAGE,pct_sand_save_2019_%,scrambling_2019_%,SG_putt_2019_AVERAGE,pct_one_putt_2019_%,pct_three_putt_avoid_2019_%,putt_avg_2019_AVG,putts_per_rd_2019_AVG,bogey_avoid_2019_% MAKES BOGEY,btb_ratio_2019_BIRDIE TO BOGEY RATIO,money_2019_MONEY,SG_off_tee_2018_AVERAGE,SG_tee_green_2018_AVERAGE,driving_dist_2018_AVG.,pct_ydg_tee_2018_AVG (%),driving_320+_2018_%,SG_approach_green_2018_AVERAGE,GIR_pct_2018_%,GOFIR_pct_2018_%,GIR_pct_fwy_2018_%,GIR_pct_not_fwy_2018_%,fwy_prox_2018_AVG,rough_prox_2018_AVG,SG_ATG_2018_AVERAGE,pct_sand_save_2018_%,scrambling_2018_%,SG_putt_2018_AVERAGE,pct_one_putt_2018_%,pct_three_putt_avoid_2018_%,putt_avg_2018_AVG,putts_per_rd_2018_AVG,bogey_avoid_2018_% MAKES BOGEY,btb_ratio_2018_BIRDIE TO BOGEY RATIO,money_2018_MONEY,SG_off_tee_2017_AVERAGE,SG_tee_green_2017_AVERAGE,driving_dist_2017_AVG.,pct_ydg_tee_2017_AVG (%),driving_320+_2017_%,SG_approach_green_2017_AVERAGE,GIR_pct_2017_%,GOFIR_pct_2017_%,GIR_pct_fwy_2017_%,GIR_pct_not_fwy_2017_%,fwy_prox_2017_AVG,rough_prox_2017_AVG,SG_ATG_2017_AVERAGE,pct_sand_save_2017_%,scrambling_2017_%,SG_putt_2017_AVERAGE,pct_one_putt_2017_%,pct_three_putt_avoid_2017_%,putt_avg_2017_AVG,putts_per_rd_2017_AVG,bogey_avoid_2017_% MAKES BOGEY,btb_ratio_2017_BIRDIE TO BOGEY RATIO,money_2017_MONEY
Bryson DeChambeau,1.144,2.099,321.1,66.80,51.47,.696,66.67,80.34,80.87,50.25,"31' 2""","47' 8""",.259,48.89,61.27,.435,41.01,3.27,1.752,28.74,14.54,1.84,"$5,443,091",1.039,.908,322.1,67.88,56.45,-.090,68.46,75.54,80.52,53.78,"30' 1""","43' 8""",-.041,62.89,63.92,.658,43.19,2.15,1.726,28.26,12.99,1.94,"$4,998,495",.421,.641,302.5,63.69,15.97,.236,66.20,73.91,75.53,52.54,"31' 11""","44' 0""",-.016,52.29,62.33,.372,42.36,3.09,1.733,28.51,14.89,1.59,"$3,186,232",.586,1.212,305.7,64.33,25.81,.556,69.65,77.07,78.75,58.70,"31' 0""","40' 10""",.070,48.67,59.84,.346,39.31,3.58,1.758,29.18,14.99,1.61,"$8,094,489",.420,.383,299.4,63.72,14.61,-.020,65.48,72.07,76.24,52.80,"31' 4""","45' 0""",-.016,46.00,57.32,-.193,38.39,3.25,1.785,29.16,17.42,1.17,"$1,817,054"
Jon Rahm,.841,1.700,307.1,64.01,29.17,.582,72.11,85.90,83.80,57.32,"31' 0""","51' 0""",.326,50.00,63.07,-.019,38.43,2.55,1.750,29.04,14.00,1.79,"$3,556,232",.756,1.344,307.6,65.58,27.59,.283,70.31,76.90,83.50,50.50,"30' 7""","49' 5""",.304,58.82,64.52,.479,41.00,1.53,1.717,28.47,11.78,2.07,"$5,959,819",.692,1.170,305.6,64.37,24.22,.405,69.04,76.52,80.00,50.42,"30' 11""","43' 11""",.073,52.83,59.63,.336,39.22,2.21,1.736,28.78,14.05,1.77,"$4,990,110",.817,1.039,308.9,66.49,33.06,.047,70.12,77.56,82.73,54.62,"30' 9""","45' 1""",.176,48.54,57.18,-.151,38.89,3.54,1.747,29.14,15.82,1.60,"$3,992,678",.949,1.522,305.8,65.26,25.95,.515,68.61,76.61,78.25,56.42,"30' 8""","39' 6""",.057,58.78,63.33,.256,40.23,3.82,1.761,28.88,14.32,1.64,"$6,123,248"
Rory McIlroy,.774,1.064,318.2,64.96,48.68,.178,65.35,74.37,79.47,53.10,"32' 1""","48' 7""",.112,57.35,57.81,.040,42.11,3.36,1.743,28.76,17.11,1.48,"$1,782,342",.702,1.314,314.0,66.12,42.31,.504,67.78,74.95,84.08,50.41,"28' 11""","46' 2""",.108,45.16,60.63,-.071,41.02,2.69,1.738,28.57,14.63,1.68,"$4,408,415",1.195,2.126,313.5,65.85,35.94,.633,68.55,78.56,78.34,52.60,"29' 4""","41' 7""",.297,55.34,63.38,.425,42.32,1.80,1.701,28.38,12.42,2.09,"$7,785,286",.761,1.351,319.7,66.53,48.36,.269,66.30,73.31,81.13,51.59,"28' 8""","44' 4""",.322,52.43,62.97,.060,41.71,2.46,1.736,28.46,14.57,1.58,"$4,410,296",.965,1.382,317.2,67.26,43.18,.322,65.63,74.85,79.19,53.97,"31' 4""","42' 6""",.095,63.24,62.29,-.304,40.74,3.59,1.772,28.75,15.86,1.39,"$2,430,182"
Emiliano Grillo,.610,.833,299.9,63.64,13.28,.553,73.18,79.81,80.52,65.29,"28' 11""","40' 11""",-.329,46.05,61.49,-.013,37.67,2.52,1.756,29.30,12.50,1.91,"$1,482,028",.250,.723,295.7,63.06,7.89,.580,71.54,77.43,80.63,57.65,"28' 9""","43' 10""",-.107,46.74,53.15,-.905,33.76,3.59,1.803,30.23,16.32,1.32,"$849,538",.470,1.051,295.7,62.01,10.61,.926,68.73,73.54,76.75,51.72,"30' 4""","43' 0""",-.345,47.93,55.13,-.633,35.04,3.85,1.790,29.78,17.02,1.28,"$1,752,114",.364,.587,295.2,62.04,10.12,.345,68.84,73.59,76.80,51.17,"30' 3""","49' 4""",-.122,54.84,61.05,.546,40.10,2.72,1.754,29.04,14.43,1.51,"$2,493,163",.368,.532,293.3,61.97,10.76,.281,66.99,73.32,77.16,48.46,"31' 0""","44' 10""",-.116,53.28,55.71,-.173,38.12,3.51,1.784,29.33,17.50,1.18,"$1,567,015"
Ryan Moore,.567,.563,287.4,60.36,8.33,-.088,64.81,68.25,72.54,51.09,"32' 3""","45' 3""",.084,52.50,60.53,-.793,39.12,2.78,1.779,29.25,15.74,1.15,"$164,271",.291,.526,289.9,61.77,6.94,.370,68.56,73.37,77.62,54.17,"29' 10""","40' 5""",-.136,47.95,59.04,.033,40.40,2.53,1.742,28.82,14.90,1.47,"$957,540",.114,.765,282.2,59.98,3.79,.596,68.17,72.40,75.16,52.57,"31' 10""","44' 8""",.055,45.53,59.20,.062,39.86,2.55,1.736,28.82,15.09,1.49,"$1,838,788",.406,1.211,289.2,61.32,7.05,.532,68.80,73.91,76.49,55.05,"31' 2""","44' 5""",.273,47.14,64.16,-.271,38.60,2.56,1.777,29.17,13.39,1.49,"$1,986,608",-.006,.319,288.0,60.71,7.75,.498,65.05,72.39,73.10,50.14,"31' 4""","42' 11""",-.173,47.30,56.74,-.017,39.52,2.81,1.764,29.04,17.16,1.18,"$1,751,851"
Luke List,.537,.519,312.5,64.76,36.84,.078,66.67,73.77,79.77,55.74,"33' 5""","46' 3""",-.103,48.54,57.02,-.567,39.86,4.00,1.770,29.25,18.03,1.25,"$554,462",.387,.805,307.8,65.08,26.92,.300,69.48,76.93,79.64,58.39,"30' 7""","43' 4""",.118,53.85,57.52,-.504,35.75,3.54,1.803,29.77,15.70,1.36,"$731,507",.481,.482,313.3,64.59,34.13,-.005,65.43,73.33,75.85,55.80,"32' 4""","43' 2""",.006,46.46,54.59,-.280,37.74,3.44,1.786,29.29,18.52,1.16,"$1,391,408",.795,1.337,314.6,65.72,36.78,.194,68.36,75.93,79.64,58.71,"32' 5""","43' 0""",.349,52.22,58.41,-.467,36.43,3.33,1.794,29.45,15.96,1.37,"$2,710,736",.600,1.117,311.5,64.89,36.22,.443,69.10,76.74,79.50,59.64,"30' 6""","40' 8""",.074,46.43,56.33,-.426,36.90,3.74,1.780,29.52,16.44,1.41,"$1,813,219"
Bubba Watson,.516,1.132,304.5,63.35,25.00,.582,67.11,82.76,75.32,59.91,"33' 11""","46' 1""",.066,46.81,60.00,-.461,34.50,3.95,1.817,29.66,17.69,1.17,"$1,219,734",.649,.648,311.0,65.88,38.79,.208,67.68,74.85,80.68,53.75,"31' 1""","39' 10""",-.209,45.36,58.07,.064,37.54,2.27,1.766,29.14,15.49,1.36,"$1,565,323",.743,.624,311.6,66.29,33.62,-.052,66.76,75.56,78.81,54.41,"33' 1""","46' 4""",-.067,49.47,57.35,-.344,37.64,4.60,1.811,29.72,17.62,1.22,"$1,558,014",.780,.554,313.1,66.58,39.24,.005,68.21,73.86,80.00,55.19,"32' 0""","39' 5""",-.231,44.20,56.64,.001,37.27,2.60,1.773,29.33,15.89,1.36,"$5,793,748",.647,.272,305.8,65.00,27.97,-.175,62.87,71.70,76.81,46.93,"31' 10""","41' 1""",-.201,46.32,55.34,-.187,38.98,3.62,1.791,29.29,19.40,1.03,"$1,223,129"
Jason Day,.481,.743,300.3,63.11,20.00,.004,66.30,72.95,77.45,54.29,"35' 10""","50' 9""",.258,45.33,61.17,.069,38.89,2.35,1.786,29.24,15.19,1.32,"$951,209",.146,.628,299.7,63.66,13.33,-.151,64.78,70.42,79.13,46.77,"30' 4""","53' 1""",.632,65.49,62.80,.216,41.51,2.10,1.746,28.45,14.78,1.45,"$1,943,898",.535,.477,302.0,63.71,25.89,-.083,69.70,75.65,82.85,51.02,"31' 3""","47' 2""",.025,52.38,59.60,.356,39.76,2.26,1.747,28.97,14.32,1.60,"$2,637,480",.176,.515,310.0,64.15,30.00,-.140,65.28,70.52,77.92,49.50,"31' 11""","47' 9""",.479,62.50,62.35,.770,42.57,2.21,1.716,28.24,14.87,1.59,"$5,087,461",.311,.580,306.2,64.44,25.00,-.004,63.72,70.48,78.32,50.25,"31' 2""","44' 4""",.273,53.85,57.77,.354,43.27,2.95,1.716,28.26,17.93,1.35,"$2,978,181"
Jason Kokrak,.478,.672,305.7,63.53,19.44,.093,69.24,79.83,79.79,52.45,"33' 2""","50' 4""",-.205,52.94,55.52,.572,38.68,2.47,1.737,28.87,15.95,1.55,"$3,133,928",.633,.574,312.4,65.12,37.96,.168,68.64,74.73,79.92,57.65,"29' 1""","42' 6""",-.227,43.75,59.14,-.282,37.10,3.49,1.803,29.56,15.68,1.32,"$1,494,604",.550,1.054,306.4,63.55,23.17,.745,68.77,76.00,78.43,52.99,"29' 5""","45' 9""",-.241,47.50,60.67,-.018,38.89,3.27,1.761,29.22,14.63,1.58,"$2,330,212",.360,.517,309.5,64.37,30.81,.257,70.37,76.70,80.82,57.24,"31' 6""","41' 7""",-.101,40.88,55.11,.022,36.53,2.97,1.776,29.59,15.49,1.44,"$1,794,431",.607,.458,306.4,64.18,24.73,.077,66.78,73.83,79.13,50.65,"32' 4""","45' 6""",-.226,36.81,53.87,-.405,36.61,4.62,1.806,29.97,18.54,1.11,"$1,173,708"
Charles Howell III,.468,.252,297.8,63.66,16.00,-.471,66.56,71.72,80.81,52.88,"35' 6""","48' 5""",.255,47.06,65.12,.189,38.33,3.00,1.801,29.36,14.00,1.35,"$823,043",-.132,-.040,301.1,64.31,22.81,-.300,68.76,72.00,85.33,51.49,"34' 4""","44' 3""",.392,50.48,57.47,.217,37.76,2.82,1.768,29.33,15.30,1.37,"$1,371,807",.262,.518,302.8,63.46,16.87,-.072,70.51,73.82,82.32,52.21,"32' 8""","46' 7""",.328,47.52,62.94,.291,37.73,2.44,1.763,29.31,12.76,1.74,"$3,039,049",.324,.582,300.9,63.10,21.59,.163,69.33,74.07,81.26,52.58,"32' 6""","43' 6""",.095,55.76,60.87,.219,36.39,2.39,1.782,29.50,14.00,1.44,"$2,179,725",.016,.320,296.9,63.39,10.90,.223,67.01,73.12,80.35,54.05,"31' 10""","45' 3""",.081,51.35,62.63,.172,38.41,2.10,1.772,29.11,14.02,1.42,"$2,606,383"
Jhonattan Vegas,.450,.102,304.8,63.97,22.92,-.315,65.63,75.51,76.61,53.76,"33' 6""","45' 4""",-.231,49.32,54.88,-.137,39.47,2.43,1.760,29.00,18.29,1.24,"$609,261",.721,.426,309.0,64.91,33.70,-.148,70.22,75.53,78.34,59.77,"31' 2""","40' 11""",-.146,39.19,54.48,-.347,36.11,3.22,1.786,29.68,16.56,1.40,"$527,009",.753,.782,308.3,64.24,27.78,.219,69.29,77.41,77.95,60.87,"32' 0""","41' 4""",-.190,43.43,57.54,-.156,36.81,3.01,1.774,29.35,15.66,1.48,"$1,566,910",.294,.089,303.6,63.81,24.03,-.081,65.17,71.61,75.59,52.75,"33' 2""","47' 11""",-.124,39.64,58.60,-.059,37.83,3.68,1.807,29.43,17.42,1.12,"$1,137,444",.394,.506,301.3,64.10,20.51,.172,65.93,74.71,78.29,51.18,"32' 10""","41' 7""",-.060,43.70,57.61,-.413,36.85,3.64,1.805,29.67,17.22,1.22,"$2,944,738"
Patrick Cantlay,.434,.984,301.8,64.05,21.74,.558,68.72,82.46,81.57,53.63,"35' 1""","41' 5""",.386,59.32,68.34,.571,42.51,3.26,1.728,28.11,14.49,1.78,"$3,532,353",.404,1.097,303.1,65.59,25.00,.523,68.36,74.12,82.55,53.23,"30' 11""","42' 2""",.170,55.41,59.54,.219,41.43,2.54,1.723,28.61,14.73,1.62,"$2,118,336",.475,1.471,304.7,64.96,25.00,.640,67.21,75.24,79.41,53.02,"28' 10""","47' 6""",.356,58.04,66.12,.386,42.52,2.08,1.721,28.25,12.58,1.98,"$6,121,488",.622,1.278,303.1,64.97,18.42,.509,70.69,76.87,81.12,56.35,"30' 4""","46' 3""",.146,53.91,57.58,-.182,36.46,3.68,1.781,29.80,15.14,1.44,"$3,963,962",.623,1.111,298.9,63.06,13.64,.467,69.21,74.21,78.78,55.98,"32' 1""","42' 10""",.021,52.44,60.15,.159,37.85,2.08,1.756,29.19,13.77,1.61,"$2,049,632"
Ryan Palmer,.413,.889,303.5,64.05,19.00,.581,69.56,82.10,81.10,58.87,"30' 10""","44' 0""",.204,47.44,64.23,.226,41.22,3.67,1.730,28.28,15.44,1.68,"$2,089,774",.280,.659,299.3,63.98,11.67,.362,65.93,70.72,75.35,53.42,"30' 10""","41' 7""",.017,50.00,59.95,-.272,40.93,2.78,1.742,28.57,16.01,1.42,"$2,724,926",.255,.434,298.6,64.33,14.66,.395,68.35,74.40,76.96,57.30,"30' 4""","40' 6""",-.216,42.73,59.31,.041,40.24,3.28,1.754,28.89,15.32,1.55,"$2,873,316",.235,.297,305.2,64.46,26.19,.236,65.61,72.96,77.26,52.37,"29' 10""","43' 9""",-.174,46.15,55.38,-.528,39.68,3.17,1.754,28.92,17.99,1.25,"$1,484,445",.533,1.030,303.2,64.84,20.75,.555,66.46,74.26,76.87,51.12,"29' 4""","41' 6""",-.058,43.59,56.88,-1.159,33.75,4.51,1.847,30.21,17.82,1.01,"$772,560"
Daniel Berger,.389,.808,297.6,62.52,11.36,.550,69.95,77.48,78.28,58.64,"31' 2""","46' 11""",-.131,55.38,60.92,.571,41.16,2.78,1.726,28.64,13.89,1.87,"$2,707,325",.366,1.034,300.2,63.42,15.83,.396,66.93,72.62,76.10,55.90,"31' 8""","41' 0""",.271,59.81,67.45,.526,43.84,2.95,1.728,28.14,13.19,1.88,"$4,439,420",.344,.322,301.0,62.71,15.15,.007,65.15,71.09,71.57,57.68,"32' 5""","47' 11""",-.029,56.20,61.84,-.043,40.32,2.19,1.762,28.74,15.15,1.37,"$742,340",.100,.497,297.7,62.81,15.44,.543,66.89,73.12,78.00,50.13,"31' 10""","47' 5""",-.145,47.33,58.94,.319,37.35,2.70,1.785,29.42,16.01,1.26,"$1,721,763",.282,.761,296.9,62.99,15.54,.570,66.67,73.08,78.29,52.94,"29' 4""","47' 6""",-.090,43.20,61.63,.149,40.18,2.97,1.755,28.81,15.25,1.45,"$4,287,161"
Brooks Koepka,.388,1.096,307.7,64.63,28.13,.544,67.53,76.52,79.01,56.72,"30' 6""","44' 6""",.164,65.91,57.75,.778,43.06,3.47,1.717,28.50,16.49,1.53,"$2,823,715",.362,.656,307.0,64.70,23.68,.322,66.81,72.81,79.07,54.05,"30' 5""","44' 1""",-.028,43.84,51.46,-.236,38.47,3.33,1.748,29.18,18.33,1.21,"$1,123,227",.468,1.140,309.0,65.32,23.48,.636,69.97,77.87,79.78,57.43,"29' 3""","42' 0""",.036,58.43,62.25,.226,39.34,3.00,1.752,28.86,13.51,1.84,"$9,684,006",.658,1.052,313.4,66.36,40.52,.232,68.28,74.69,80.72,53.17,"28' 7""","43' 11""",.162,53.76,63.28,.168,41.13,3.58,1.747,28.76,14.25,1.69,"$7,094,047",.546,.623,311.1,65.58,36.11,.058,63.47,71.52,75.38,48.61,"29' 11""","48' 0""",.019,47.66,56.27,.581,42.29,2.78,1.721,28.44,17.92,1.33,"$5,612,397"
Dustin Johnson,.371,1.319,312.0,65.05,33.82,.579,68.95,75.40,81.98,56.99,"32' 3""","41' 0""",.368,54.35,57.37,.028,39.71,3.76,1.739,29.12,15.69,1.60,"$3,817,596",.612,1.138,311.0,66.07,34.69,.524,69.27,75.30,81.08,52.84,"28' 3""","38' 9""",.002,54.17,60.52,.271,41.27,2.72,1.704,28.55,14.29,1.80,"$5,837,267",.703,1.225,312.0,65.80,34.09,.288,66.98,74.60,78.86,54.02,"30' 9""","43' 0""",.234,63.86,57.93,.096,39.92,1.75,1.737,28.71,15.00,1.57,"$5,534,619",.919,1.987,314.0,66.49,38.57,.829,70.57,76.88,81.58,58.06,"28' 6""","37' 3""",.238,52.17,62.50,.385,41.14,2.03,1.699,28.47,12.61,2.16,"$8,457,352",1.071,1.862,315.0,66.31,42.74,.670,69.52,77.98,80.68,59.90,"28' 3""","38' 10""",.121,43.75,62.76,.019,40.16,2.94,1.755,29.10,13.49,1.71,"$8,732,193"
Charley Hoffman,.369,1.122,306.5,64.65,22.46,.593,68.44,80.50,77.07,58.84,"31' 4""","42' 10""",.041,48.00,64.29,.276,40.18,3.06,1.741,28.55,14.49,1.66,"$2,191,934",-.032,.215,296.5,63.46,11.82,.280,68.36,74.77,80.81,56.74,"29' 5""","42' 1""",-.034,53.40,55.36,.085,39.92,2.64,1.726,28.93,16.01,1.51,"$932,875",.049,.216,295.6,62.56,9.68,.396,66.51,70.45,78.17,51.11,"29' 6""","44' 5""",-.230,39.32,54.27,-.158,38.17,2.94,1.759,29.37,17.54,1.14,"$1,468,855",.254,.398,299.5,63.47,13.13,.216,66.53,72.06,77.37,55.67,"30' 4""","44' 1""",-.071,45.14,56.22,.026,38.75,2.85,1.777,29.19,16.81,1.21,"$1,400,637",.586,.903,298.7,63.71,14.42,.349,66.62,74.41,79.14,55.76,"31' 7""","43' 11""",-.031,52.20,56.55,-.012,38.63,2.93,1.757,29.00,16.82,1.38,"$4,161,008"
Billy Horschel,.360,.100,294.5,62.43,9.82,-.196,67.56,79.20,76.30,55.85,"36' 5""","51' 3""",.004,44.32,63.00,.472,38.49,2.28,1.758,28.55,15.38,1.39,"$3,649,347",.286,.348,299.3,63.45,13.43,-.033,66.17,70.43,80.06,47.56,"30' 5""","49' 2""",.095,50.00,56.34,.423,39.94,2.04,1.738,28.70,16.10,1.38,"$2,383,908",.145,.307,291.8,62.11,9.38,.147,67.63,71.18,77.63,52.41,"32' 10""","45' 10""",.014,47.86,61.38,.522,39.92,2.23,1.762,28.99,14.31,1.44,"$2,187,249",.538,.720,295.4,62.95,12.80,.352,71.75,77.63,79.97,54.59,"31' 11""","44' 8""",-.169,51.72,58.03,.392,37.74,2.64,1.757,29.46,13.89,1.60,"$4,315,200",.224,-.080,300.1,63.34,14.53,.020,67.89,74.72,78.53,54.38,"32' 5""","42' 10""",-.324,44.88,54.33,.084,34.43,3.29,1.807,29.92,17.44,1.09,"$2,697,960"
Xander Schauffele,.355,1.151,306.3,63.67,27.17,.409,68.60,80.18,79.79,50.78,"34' 5""","47' 4""",.412,66.67,61.92,.701,42.27,2.78,1.715,28.11,15.46,1.77,"$4,266,444",.648,1.239,305.4,65.13,16.94,.366,70.87,76.96,83.93,57.58,"31' 10""","46' 7""",.225,56.44,66.49,.366,42.30,3.10,1.737,28.74,11.98,2.00,"$3,813,636",.456,1.149,304.1,63.94,20.16,.481,68.39,75.26,79.59,54.00,"31' 1""","46' 5""",.211,55.65,62.23,.244,40.62,2.33,1.744,28.72,13.66,1.73,"$5,609,456",.240,.448,304.9,64.49,29.63,.235,65.59,71.22,75.86,50.09,"31' 9""","47' 3""",-.027,48.40,57.81,.196,39.07,2.87,1.763,29.18,16.79,1.28,"$4,047,538",.554,.479,306.8,64.43,29.55,.011,68.00,72.86,78.01,54.33,"32' 1""","42' 3""",-.086,54.10,57.55,.402,39.86,3.08,1.758,29.07,16.06,1.34,"$4,312,674"
Tony Finau,.354,1.410,304.9,63.18,25.96,.547,66.13,76.90,76.32,55.05,"31' 8""","42' 10""",.349,55.41,62.46,.109,41.45,2.88,1.703,27.87,15.71,1.65,"$3,222,524",.341,1.103,309.8,65.27,35.16,.497,68.83,74.86,81.35,58.88,"29' 5""","40' 6""",.266,47.75,60.89,.140,40.66,2.31,1.730,28.57,14.27,1.68,"$2,932,286",.439,.871,309.5,64.68,30.00,.384,67.46,73.85,78.77,55.73,"30' 9""","41' 3""",.048,49.38,62.20,-.103,39.48,2.12,1.756,28.82,14.15,1.58,"$4,344,380",.481,1.203,315.1,65.28,41.67,.500,70.18,77.71,80.45,59.48,"30' 8""","43' 2""",.222,44.38,57.22,.232,38.66,2.32,1.735,29.03,14.51,1.64,"$5,620,138",.826,1.280,309.2,65.29,32.29,.390,68.96,76.50,78.14,58.08,"30' 10""","45' 5""",.065,52.14,59.38,-.133,38.41,2.99,1.764,29.26,14.85,1.55,"$2,838,629"
Lucas Glover,.352,.633,294.8,61.94,11.67,.184,66.67,72.70,76.05,54.17,"33' 0""","48' 0""",.068,48.84,60.00,-.152,39.17,3.98,1.778,29.12,16.48,1.28,"$1,103,544",.327,.440,301.6,63.60,20.00,.400,68.74,74.44,77.94,56.67,"30' 11""","41' 0""",-.286,49.18,57.03,-.356,37.81,3.57,1.780,29.46,16.50,1.34,"$728,355",.337,.812,296.1,62.35,11.67,.330,68.15,74.35,77.11,54.12,"31' 4""","40' 7""",.145,59.12,64.73,.164,39.57,2.90,1.762,28.92,13.46,1.67,"$2,613,965",.514,.462,297.7,62.20,6.12,-.043,67.12,71.62,78.48,53.54,"34' 9""","45' 3""",-.008,51.61,59.83,-.186,37.16,3.92,1.809,29.64,16.39,1.21,"$789,382",.502,.944,298.6,62.98,16.11,.301,69.94,76.29,79.42,56.09,"30' 9""","43' 6""",.140,49.33,60.16,-.026,37.35,2.72,1.782,29.54,14.07,1.49,"$1,955,822"
Keegan Bradley,.298,1.216,300.0,62.64,14.29,.770,68.75,80.22,80.86,51.11,"31' 2""","46' 10""",.226,58.57,59.05,-.419,36.81,3.37,1.763,29.14,16.67,1.37,"$1,185,122",.175,.638,301.0,63.32,15.00,.351,66.42,73.59,78.62,51.05,"31' 0""","45' 9""",.112,51.28,55.72,-.683,36.11,2.94,1.793,29.41,17.48,1.14,"$824,471",.238,.663,298.5,62.85,14.19,.567,68.50,75.29,78.64,50.65,"30' 0""","42' 9""",-.142,44.92,59.14,-.516,37.13,3.73,1.789,29.54,15.85,1.33,"$1,902,797",.237,1.151,299.6,62.63,13.53,.888,69.18,75.14,82.58,47.61,"30' 2""","43' 3""",.026,45.20,56.78,-.358,35.48,2.87,1.784,29.68,15.65,1.35,"$4,069,464",.625,.769,299.8,62.85,14.80,.139,68.63,74.60,78.76,52.43,"31' 0""","45' 11""",.004,48.81,59.03,-.216,37.96,3.21,1.775,29.40,15.69,1.38,"$1,940,478"
Cameron Tringale,.288,.788,300.3,62.88,11.61,.348,68.75,77.33,79.54,53.82,"31' 6""","47' 0""",.026,58.33,61.59,.387,41.07,2.28,1.729,28.66,14.58,1.64,"$1,505,962",-.125,.702,301.9,63.87,16.67,.632,69.66,76.42,81.09,59.01,"31' 11""","40' 2""",.195,50.00,64.24,.086,39.51,3.00,1.776,29.02,13.14,1.68,"$911,172",-.108,.342,296.9,62.32,11.54,.327,69.66,74.95,78.51,60.34,"32' 0""","44' 4""",.123,54.65,61.13,.204,40.17,2.82,1.744,28.91,13.93,1.66,"$1,049,106",-1.351,-.915,289.3,61.58,6.35,.348,65.52,70.70,83.41,46.81,"31' 3""","48' 0""",.088,52.81,55.24,-.104,37.04,3.79,1.813,29.81,18.52,1.00,"$179,459",-.750,-.265,280.9,60.43,3.80,.089,64.39,68.63,73.29,50.93,"32' 5""","48' 8""",.396,52.94,58.83,.125,40.23,2.88,1.775,28.90,17.14,1.15,"$792,814"
Kevin Streelman,.269,.656,294.1,62.43,12.50,.380,69.54,75.81,79.41,52.75,"31' 6""","42' 7""",-.021,45.12,57.00,-.034,38.89,2.38,1.735,28.89,15.48,1.51,"$1,065,924",.246,.498,293.9,62.75,9.23,.250,67.66,75.05,78.36,54.18,"31' 10""","39' 8""",.002,52.94,55.76,-.084,38.20,2.89,1.763,29.25,16.67,1.31,"$2,520,845",.383,.919,291.8,62.11,6.17,.479,69.75,76.17,78.41,55.80,"31' 10""","37' 2""",.058,50.37,59.86,-.251,37.93,2.67,1.768,29.37,14.54,1.46,"$1,588,881",.439,.868,295.1,62.38,9.24,.415,71.56,76.36,79.95,57.93,"31' 10""","38' 5""",.014,47.24,60.93,-.250,34.84,2.17,1.797,29.67,12.92,1.55,"$1,523,642",.292,.450,294.0,62.39,11.36,.197,66.67,72.58,76.79,48.92,"30' 8""","47' 7""",-.038,49.66,60.04,-.281,38.26,3.60,1.791,29.47,15.97,1.23,"$1,313,327"
Si Woo Kim,.266,.770,297.8,63.17,13.56,.186,67.51,74.07,79.07,56.02,"32' 8""","44' 3""",.339,45.36,65.22,.084,41.24,3.11,1.757,28.85,13.56,1.65,"$2,417,425",-.075,.346,298.1,64.48,12.12,.115,65.54,71.20,77.21,51.24,"31' 0""","40' 6""",.305,49.32,58.82,-.079,40.84,2.85,1.750,28.77,16.44,1.33,"$1,074,246",.066,.194,292.4,62.30,7.43,-.177,64.91,71.00,74.65,52.24,"32' 6""","43' 3""",.305,56.60,63.51,-.060,43.22,2.51,1.729,28.16,14.97,1.56,"$2,191,808",-.014,.077,290.8,62.61,7.07,-.200,63.78,69.66,73.70,51.92,"31' 10""","44' 4""",.291,51.67,57.23,-.168,38.94,2.51,1.770,29.00,17.63,1.15,"$2,276,114",-.236,-.573,289.8,62.58,11.94,-.447,59.63,64.63,71.83,47.35,"33' 11""","48' 8""",.110,47.92,55.41,-.392,39.41,3.93,1.794,29.16,20.89,.84,"$2,681,177"
Brian Harman,.259,.461,292.6,62.57,5.65,.021,65.23,71.35,75.40,49.83,"32' 2""","47' 7""",.180,54.55,63.92,.573,41.58,1.70,1.720,28.18,13.98,1.67,"$2,301,098",.115,.459,293.0,63.26,6.41,-.018,65.67,70.81,76.85,49.13,"30' 1""","43' 6""",.362,60.98,64.94,.308,42.95,1.85,1.717,28.04,13.68,1.66,"$1,482,583",.312,.256,288.4,62.38,6.17,-.301,64.17,71.75,73.82,47.73,"31' 7""","48' 3""",.245,58.45,60.10,.090,39.64,1.94,1.767,28.83,15.86,1.26,"$1,342,778",.137,.017,291.9,63.16,7.93,-.024,67.59,72.22,77.53,52.40,"32' 9""","42' 0""",-.096,47.22,56.95,.273,38.95,3.70,1.767,29.29,16.85,1.25,"$2,733,463",.015,.146,289.9,61.95,7.61,-.198,63.78,70.12,77.90,44.76,"31' 11""","48' 8""",.329,58.14,63.19,.600,42.22,2.06,1.738,28.33,15.11,1.41,"$4,396,470"
Webb Simpson,.247,.926,292.7,62.67,14.13,.293,70.05,78.38,76.64,56.99,"32' 3""","43' 8""",.386,64.38,70.97,.591,41.79,2.78,1.755,28.63,11.35,2.19,"$2,033,865",.123,1.007,296.2,63.47,9.62,.640,70.83,77.34,80.61,52.94,"29' 4""","41' 11""",.244,56.34,64.47,.589,42.74,1.71,1.691,28.27,11.22,2.36,"$5,097,742",-.007,.899,288.6,61.90,6.41,.613,65.81,72.22,75.65,47.93,"31' 4""","44' 1""",.294,62.96,66.88,.608,43.23,1.57,1.726,28.09,12.54,1.78,"$4,690,572",-.116,.741,293.7,62.25,9.24,.486,67.93,73.46,78.46,55.67,"30' 5""","47' 7""",.370,62.91,66.10,.692,41.12,1.81,1.741,28.47,12.44,1.69,"$5,376,417",-.036,.893,286.5,61.08,6.84,.503,65.49,72.08,74.06,50.90,"30' 5""","41' 5""",.426,62.09,65.20,.049,40.74,2.97,1.763,28.60,14.31,1.47,"$3,209,646"
Harold Varner III,.239,.948,302.1,63.42,21.15,.508,67.09,75.97,77.14,53.26,"31' 5""","48' 4""",.217,48.10,59.09,.041,37.61,2.99,1.775,29.17,16.35,1.30,"$1,300,029",.458,1.145,301.9,63.98,18.18,.442,70.57,76.61,81.45,52.66,"28' 4""","51' 3""",.244,43.97,58.93,-.215,37.46,2.63,1.754,29.30,14.19,1.59,"$1,060,152",.260,.429,302.0,63.55,18.90,.093,67.21,73.50,79.15,53.71,"30' 10""","42' 4""",.076,58.47,60.33,-.202,38.41,2.78,1.767,28.93,14.91,1.45,"$1,553,149",.204,.149,308.2,64.21,33.95,-.076,67.79,72.30,78.17,53.24,"30' 11""","47' 1""",.021,51.95,58.14,-.024,36.95,3.31,1.786,29.56,16.48,1.20,"$1,223,064",.262,.511,302.4,63.50,21.58,.330,67.68,72.80,79.15,53.13,"30' 4""","47' 6""",-.081,47.97,56.94,-.402,36.36,3.98,1.799,29.69,17.06,1.19,"$918,779"
Brendan Steele,.230,.695,299.9,62.77,18.10,.090,66.67,76.54,79.22,52.68,"30' 5""","46' 10""",.091,56.63,61.21,-.236,38.31,2.97,1.767,28.76,15.71,1.37,"$1,253,887",.081,.582,303.6,64.15,17.97,.539,68.14,72.82,81.38,50.70,"29' 1""","42' 3""",-.038,49.46,58.31,.126,39.50,3.39,1.762,29.13,15.45,1.42,"$1,739,131",.518,-.027,302.5,63.05,16.67,-.316,69.98,75.27,80.17,53.87,"31' 0""","45' 4""",-.228,38.95,55.82,-.503,34.95,4.03,1.812,30.21,16.22,1.24,"$515,139",.557,.604,310.3,64.86,31.75,.243,69.24,75.72,79.72,56.15,"33' 2""","45' 0""",-.195,48.00,52.56,-.576,33.91,3.73,1.817,30.36,17.74,1.12,"$2,291,128",.387,.888,300.4,63.43,20.63,.411,67.26,74.41,78.17,52.28,"30' 7""","44' 1""",.090,43.33,58.99,-.013,37.90,3.17,1.785,29.30,16.20,1.34,"$2,907,095"
J.J. Spaun,.177,-.464,285.4,61.95,5.00,-.590,66.25,75.83,76.44,50.56,"33' 8""","50' 4""",.034,46.30,58.85,-.296,36.67,4.31,1.809,29.43,18.33,1.03,"$218,596",-.057,-.537,297.4,62.88,13.79,-.266,66.00,70.60,76.97,52.05,"29' 8""","44' 6""",-.214,45.83,50.99,-.123,38.22,2.87,1.758,29.17,19.16,1.13,"$232,472",-.046,.051,290.4,62.50,6.76,.094,68.36,73.78,79.29,52.87,"33' 9""","47' 11""",.003,47.12,59.53,-.021,38.14,2.91,1.774,29.29,14.91,1.44,"$1,205,977",.286,.441,298.2,63.02,12.03,.410,69.48,75.12,78.55,53.21,"30' 1""","44' 6""",-.255,43.90,55.76,-.149,36.50,2.95,1.772,29.63,15.96,1.38,"$1,978,906",.316,-.045,291.5,62.38,5.23,-.122,67.12,72.53,75.32,51.79,"32' 0""","46' 5""",-.240,45.45,59.14,-.027,37.66,2.91,1.784,29.35,16.02,1.25,"$1,122,611"
Rickie Fowler,.175,.226,301.1,62.50,18.00,-.358,64.33,70.33,74.76,49.64,"32' 9""","48' 10""",.409,44.16,54.52,-.360,39.00,3.44,1.765,29.00,19.11,1.13,"$495,701",.172,.493,294.9,62.60,4.55,.099,66.54,72.09,80.85,43.58,"32' 6""","45' 1""",.222,47.95,60.38,.217,41.67,2.53,1.738,28.55,15.15,1.52,"$947,309",.247,.525,303.1,62.93,21.05,.158,67.76,72.31,78.76,53.70,"30' 2""","48' 6""",.120,54.79,60.77,.541,40.28,1.83,1.726,28.53,14.25,1.64,"$3,945,810",.244,.980,299.8,62.95,19.59,.494,69.52,75.96,79.77,52.49,"30' 7""","46' 10""",.242,60.50,63.05,.296,39.86,2.25,1.744,28.99,12.69,1.79,"$4,235,237",.378,1.134,300.3,62.56,20.59,.408,67.03,74.58,79.14,53.37,"29' 8""","48' 6""",.349,68.55,63.86,.852,43.64,2.85,1.721,28.30,14.25,1.78,"$6,083,197"
Danny Lee,.170,-.059,300.9,63.14,15.00,.045,62.22,68.86,74.11,48.98,"32' 4""","48' 8""",-.388,56.58,53.68,-.880,39.31,4.86,1.781,29.45,21.81,.90,"$166,441",.165,.107,302.0,64.63,20.49,.238,65.62,70.10,78.51,55.45,"31' 11""","41' 7""",-.296,53.08,59.72,-.195,41.38,3.62,1.750,28.77,17.15,1.34,"$2,043,764",.085,.102,301.4,63.85,20.13,.156,66.74,70.76,79.22,50.52,"31' 10""","39' 6""",-.139,53.19,58.97,-.240,40.67,4.12,1.758,28.91,17.15,1.30,"$1,524,126",.005,-.099,290.6,62.20,7.69,-.155,65.05,69.05,75.56,47.88,"30' 11""","46' 3""",.051,55.62,60.81,.156,41.41,2.84,1.742,28.56,16.02,1.35,"$1,269,386",.037,.078,291.1,62.04,8.24,.304,66.10,70.47,75.74,49.68,"31' 3""","42' 6""",-.263,53.68,55.43,.247,40.20,2.31,1.751,28.81,17.23,1.23,"$1,611,331"
Patrick Rodgers,.156,-.538,306.0,64.66,25.86,-.643,66.28,68.30,78.82,56.68,"35' 1""","45' 7""",-.050,43.02,55.11,.151,38.89,2.78,1.760,29.19,17.53,1.20,"$516,855",.211,-.271,308.5,65.22,26.37,-.465,66.97,73.11,79.53,54.09,"34' 8""","46' 7""",-.018,49.15,58.23,.657,39.13,1.77,1.747,28.92,14.96,1.43,"$1,015,849",.157,-.197,299.8,63.76,14.71,-.383,64.71,72.35,72.97,52.96,"33' 3""","45' 5""",.029,46.07,57.10,.428,39.22,2.18,1.761,28.78,17.21,1.23,"$1,046,838",-.039,-.328,303.5,63.51,24.71,-.323,65.65,70.55,79.07,44.44,"32' 8""","51' 11""",.034,51.72,57.22,.561,39.78,2.81,1.766,29.10,16.79,1.25,"$1,287,040",-.044,-.650,306.3,64.04,28.57,-.529,65.84,69.78,78.24,53.59,"33' 1""","45' 7""",-.077,39.82,53.63,-.066,36.64,4.13,1.822,29.85,19.29,.95,"$1,346,322"
Martin Laird,.153,.395,296.7,61.95,10.00,.026,70.67,76.35,80.13,58.04,"33' 7""","45' 4""",.028,47.27,57.95,-.247,36.00,4.56,1.794,29.94,16.22,1.34,"$1,587,784",.251,.415,302.1,63.44,12.82,.187,70.51,75.48,83.62,51.52,"30' 0""","43' 4""",-.023,32.20,60.87,-.497,35.33,4.42,1.806,29.85,15.38,1.37,"$232,786",.100,.204,298.9,62.82,18.75,.075,69.86,74.58,81.30,54.00,"32' 2""","43' 10""",.029,49.11,61.06,.019,37.22,3.19,1.787,29.53,14.38,1.47,"$863,054",-.045,.189,299.0,62.32,16.15,.024,65.90,73.13,76.48,48.20,"31' 3""","42' 8""",.209,50.48,59.15,.282,40.51,3.59,1.764,28.83,16.58,1.34,"$1,017,580",.235,.576,296.9,62.08,13.25,.139,65.86,71.14,75.56,50.00,"32' 10""","44' 8""",.203,47.20,60.98,.253,38.69,2.88,1.765,29.00,15.46,1.31,"$1,759,706"
Louis Oosthuizen,.152,.918,297.4,62.14,15.48,.306,66.01,76.74,78.80,48.54,"34' 2""","48' 9""",.301,56.52,65.76,.785,39.55,2.65,1.764,28.55,15.08,1.47,"$2,240,284",.075,-.318,300.1,63.50,15.00,-.126,65.28,68.89,79.75,49.43,"29' 0""","43' 4""",-.268,43.21,58.00,.258,40.39,2.78,1.757,28.85,16.78,1.21,"$1,312,138",.130,.608,296.3,62.02,16.96,.208,66.84,68.52,77.55,49.83,"30' 9""","43' 8""",.270,58.12,60.47,.169,39.50,2.69,1.751,28.80,15.28,1.45,"$2,539,183",.401,.548,299.8,62.75,16.67,-.261,65.74,70.17,76.12,53.01,"31' 1""","42' 11""",.408,64.29,64.26,-.026,39.09,4.01,1.809,29.24,15.74,1.22,"$1,731,493",.301,.705,296.3,62.94,15.52,.215,65.23,71.90,75.56,53.57,"33' 4""","42' 4""",.189,61.22,63.14,.530,39.78,2.69,1.787,28.94,15.05,1.24,"$3,105,422"
Hideki Matsuyama,.135,1.028,296.8,62.50,15.52,.519,67.34,74.38,78.31,52.90,"32' 4""","50' 3""",.374,45.35,61.00,-.296,39.56,2.68,1.744,28.81,14.66,1.57,"$3,741,419",.285,1.433,304.4,64.10,20.97,.690,68.54,74.32,82.65,54.50,"28' 8""","42' 8""",.458,55.04,63.72,-.469,40.09,3.38,1.755,28.77,13.89,1.68,"$3,665,825",.381,1.487,303.0,62.83,15.00,.759,69.38,77.32,78.28,58.28,"29' 7""","43' 0""",.347,53.74,64.12,.011,40.78,3.54,1.753,28.89,13.70,1.77,"$3,335,137",.194,1.064,302.0,63.60,20.31,.727,69.29,76.02,79.59,53.32,"30' 9""","44' 1""",.143,52.04,60.80,.132,39.43,3.55,1.754,29.21,14.43,1.59,"$2,687,477",.508,1.613,303.3,63.78,18.75,.758,69.01,75.45,80.67,55.10,"29' 2""","43' 0""",.346,53.21,61.56,-.345,40.57,3.29,1.739,28.86,14.33,1.80,"$8,380,569"
Paul Casey,.128,.962,302.8,62.09,15.00,.623,67.78,73.89,77.52,53.59,"29' 4""","47' 6""",.210,53.06,62.50,.210,40.00,3.61,1.768,29.05,14.72,1.52,"$1,682,619",.546,.814,307.2,64.33,29.17,.631,70.63,77.53,80.12,59.65,"31' 6""","40' 8""",-.363,47.50,60.14,-.383,36.41,2.68,1.774,29.61,13.69,1.52,"$1,868,952",.614,1.453,298.4,62.94,18.25,.706,70.96,77.78,78.59,60.18,"30' 4""","43' 0""",.133,43.70,58.67,-.092,37.93,2.59,1.748,29.29,14.00,1.60,"$4,257,040",.138,.833,304.3,63.39,20.34,.586,67.84,72.34,79.27,51.09,"29' 9""","43' 2""",.109,54.46,60.58,.133,38.81,2.97,1.775,29.07,15.10,1.42,"$3,641,771",.349,1.410,297.5,61.99,15.38,.939,70.06,74.46,79.30,56.15,"31' 0""","45' 4""",.122,39.29,64.12,.133,38.27,2.65,1.763,29.03,13.09,1.68,"$3,906,974"
Scott Stallings,.104,.301,296.4,62.89,10.23,.334,67.80,76.23,78.32,59.18,"32' 10""","40' 11""",-.332,48.21,67.84,-.290,39.14,4.29,1.808,29.18,14.77,1.25,"$407,497",-.191,.189,297.6,62.82,13.43,.309,69.65,75.37,81.19,57.00,"29' 10""","42' 9""",.072,48.28,59.84,.019,38.89,2.65,1.743,29.03,14.18,1.60,"$664,849",.009,.251,297.0,62.80,14.19,.259,66.74,71.57,80.50,49.78,"31' 1""","42' 5""",-.017,50.39,58.46,-.329,39.53,3.35,1.756,29.00,16.52,1.31,"$1,080,451",-.008,.341,299.7,63.18,21.51,.373,65.62,71.18,79.58,48.81,"32' 1""","42' 3""",-.025,55.63,60.86,-.070,38.21,2.59,1.788,29.14,15.56,1.28,"$1,147,573",.049,.339,297.6,63.72,13.64,.375,67.89,72.55,80.39,54.01,"29' 6""","40' 2""",-.084,44.26,55.51,-.320,35.43,3.32,1.792,29.65,16.81,1.16,"$955,337"
Patrick Reed,.102,.505,288.8,60.82,5.56,.243,64.20,71.58,74.23,49.44,"36' 4""","44' 4""",.160,59.68,57.76,1.101,45.99,2.01,1.666,27.69,16.82,1.63,"$2,859,655",.278,.696,296.0,63.62,16.67,.102,65.32,71.20,79.00,53.63,"30' 11""","47' 1""",.316,60.61,63.64,.599,44.37,1.88,1.700,27.89,14.26,1.69,"$4,250,060",.145,.615,296.8,63.22,12.50,.138,66.22,71.84,78.54,53.86,"32' 5""","47' 0""",.332,58.82,62.99,.261,41.79,2.08,1.731,28.47,14.08,1.61,"$3,593,844",.051,.783,298.1,63.15,15.38,.187,63.57,70.19,77.07,52.04,"31' 7""","46' 9""",.545,56.68,62.94,.164,41.80,2.39,1.746,28.33,15.44,1.40,"$5,006,267",.199,.399,295.6,63.15,11.36,-.049,62.17,68.96,74.90,49.13,"33' 5""","46' 6""",.250,49.15,61.23,.577,42.00,1.89,1.744,28.32,16.11,1.28,"$3,055,111"
Anirban Lahiri,.094,-.060,296.4,62.72,12.50,-.280,63.33,69.44,74.64,57.50,"31' 0""","41' 1""",.126,59.68,62.50,.159,45.28,1.94,1.697,27.90,15.14,1.54,"$632,237",.050,-.453,294.4,63.34,8.57,-.560,68.10,71.98,77.78,53.65,"32' 10""","43' 11""",.057,51.67,57.71,-.222,38.10,4.13,1.767,29.14,17.14,1.38,"$58,388",-.431,-.869,290.2,61.44,5.38,-.298,62.96,66.67,71.11,50.78,"32' 10""","44' 2""",-.139,54.63,59.57,.116,42.67,2.58,1.746,28.64,17.23,1.16,"$419,620",.070,-.095,294.0,62.61,10.14,-.285,64.70,67.74,75.69,49.02,"31' 4""","45' 7""",.120,51.46,58.35,.199,39.50,2.85,1.770,28.99,16.94,1.19,"$1,441,205",.234,.149,297.0,63.84,12.50,-.143,63.43,67.61,74.46,50.86,"31' 1""","43' 9""",.059,52.31,55.06,-.336,41.74,2.70,1.730,28.60,18.52,1.22,"$1,944,289"
Harris English,.087,.162,297.2,62.38,14.58,-.008,66.44,74.56,76.30,48.47,"32' 10""","49' 11""",.084,44.62,65.52,.397,42.48,2.89,1.735,28.35,13.89,1.79,"$3,043,548",.215,.948,300.9,62.44,13.82,.454,70.91,76.80,79.45,58.72,"33' 3""","45' 9""",.279,51.30,65.33,.518,39.62,1.90,1.749,28.70,11.84,1.93,"$3,299,366",-.024,-.327,301.0,62.85,16.48,-.437,66.85,72.22,75.19,59.22,"34' 9""","44' 5""",.134,51.37,60.41,.527,39.68,1.95,1.764,28.70,14.59,1.38,"$628,922",-.219,-.406,302.4,62.79,21.79,-.297,63.32,69.04,75.89,47.65,"32' 8""","49' 2""",.111,44.67,57.86,.222,39.96,2.35,1.764,28.76,17.45,1.18,"$799,450",-.644,-.336,301.9,62.90,20.39,.138,63.96,71.37,75.05,53.20,"32' 2""","40' 0""",.169,58.97,59.43,.374,39.11,2.63,1.792,28.78,16.89,1.19,"$864,960"
Russell Henley,.080,1.180,290.1,62.15,9.78,.971,71.62,77.25,81.69,60.00,"29' 11""","38' 6""",.129,60.00,66.38,.288,39.49,1.81,1.734,28.89,10.99,2.11,"$1,836,545",-.049,1.041,290.1,62.05,6.35,.867,71.69,77.87,80.66,56.44,"29' 11""","41' 7""",.224,55.70,65.42,-.188,36.68,2.47,1.781,29.35,11.99,1.71,"$1,195,378",.137,.466,287.7,61.55,6.43,.334,68.10,73.86,76.63,47.16,"30' 0""","44' 4""",-.005,43.27,62.69,-.299,38.25,3.41,1.781,29.17,14.76,1.40,"$1,133,773",.093,.374,293.0,62.11,10.61,.467,68.77,74.33,78.46,50.64,"31' 7""","46' 2""",-.186,42.54,54.33,.167,35.21,2.85,1.783,29.80,16.44,1.27,"$1,516,438",.310,.506,298.0,62.50,16.67,.196,67.81,73.98,75.97,51.49,"31' 7""","46' 11""",.000,45.45,57.12,.434,38.26,2.35,1.754,29.07,15.58,1.38,"$3,413,876"
Matt Jones,.063,.342,304.2,64.03,21.88,.005,67.10,76.27,79.28,56.92,"34' 11""","43' 1""",.246,50.00,64.38,.481,41.32,2.43,1.740,28.47,14.15,1.58,"$2,232,935",.159,-.190,297.3,63.70,11.11,-.438,66.23,70.49,76.79,54.15,"32' 7""","45' 0""",.089,58.33,58.01,.061,38.96,3.00,1.764,29.13,16.67,1.29,"$996,369",.304,.508,294.1,62.48,9.52,-.148,66.60,72.22,80.08,51.92,"33' 11""","47' 8""",.352,53.10,64.55,.120,40.74,2.12,1.758,28.62,13.69,1.55,"$1,024,852",.333,.139,304.5,64.17,18.55,-.386,66.49,73.40,79.65,51.84,"32' 11""","45' 3""",.192,51.38,60.16,-.034,39.70,3.49,1.765,29.02,16.22,1.29,"$538,681",.073,.108,302.6,63.87,18.75,-.468,63.10,69.72,75.17,50.30,"33' 3""","47' 1""",.503,57.14,63.17,.170,40.08,2.68,1.778,28.70,16.17,1.24,"$510,622"
Scott Piercy,.057,.169,292.4,62.86,11.46,.048,65.05,71.32,76.02,56.16,"33' 0""","46' 11""",.055,58.73,64.24,-.407,41.32,3.36,1.762,28.71,15.63,1.31,"$417,786",.263,.043,297.2,63.69,14.66,.134,64.73,71.78,72.92,54.81,"30' 6""","42' 6""",-.355,36.19,57.28,-.213,38.22,1.94,1.770,29.05,16.67,1.17,"$809,871",.270,.485,292.4,62.17,8.97,.147,70.09,73.81,78.31,54.48,"31' 3""","45' 3""",.067,50.37,63.93,.146,39.79,2.65,1.748,28.76,13.24,1.74,"$2,679,915",.209,.859,296.6,62.59,15.13,.553,69.72,75.41,79.46,57.81,"31' 11""","40' 11""",.097,44.96,55.96,-.569,35.76,3.96,1.794,29.86,16.46,1.26,"$1,882,337",.190,.251,295.9,63.14,13.56,.311,66.75,73.47,75.99,52.79,"28' 11""","44' 0""",-.250,37.96,49.88,-.526,36.73,3.65,1.771,29.46,19.82,1.16,"$1,317,452"
Branden Grace,.054,.026,293.4,62.53,11.11,.094,64.71,70.61,79.05,51.80,"31' 10""","44' 10""",-.025,50.59,60.06,-.058,40.12,2.47,1.750,28.63,16.87,1.26,"$967,442",-.181,.405,297.3,64.02,18.92,.501,68.43,74.41,79.00,56.69,"28' 4""","39' 11""",.085,53.13,59.66,-.352,38.62,3.39,1.778,29.41,15.04,1.34,"$354,443",.024,.413,295.1,62.86,11.61,.110,66.09,69.26,77.16,51.23,"31' 4""","48' 5""",.278,50.00,55.18,-.520,36.52,3.59,1.794,29.69,18.30,1.08,"$1,373,185",.163,.463,298.9,63.05,17.31,.174,67.10,70.33,77.07,50.92,"31' 8""","48' 4""",.125,47.46,57.78,.350,38.02,3.30,1.772,29.34,16.41,1.28,"$1,529,289",.180,.518,292.0,62.71,12.73,.173,66.40,71.87,74.32,56.25,"31' 4""","45' 8""",.165,50.51,61.42,-.248,37.48,3.62,1.813,29.49,15.70,1.16,"$1,315,054"
Chez Reavie,.040,.553,280.8,60.66,4.17,.737,67.36,76.78,76.87,53.17,"29' 6""","41' 0""",-.130,45.07,57.80,-.751,35.65,2.89,1.787,29.46,16.44,1.18,"$585,732",-.107,.569,284.4,61.68,3.85,.440,67.24,73.29,74.30,53.99,"29' 9""","43' 0""",.237,56.67,61.01,-.291,37.16,2.24,1.778,28.96,14.65,1.33,"$1,123,769",.254,.762,287.0,61.07,4.38,.625,67.93,72.54,74.51,50.00,"29' 1""","46' 11""",-.117,48.92,59.70,.062,39.98,2.66,1.737,28.73,15.34,1.50,"$3,660,909",.183,.483,286.5,61.41,4.73,.437,68.67,73.15,77.33,54.19,"30' 2""","42' 3""",-.137,43.06,62.27,.192,39.41,2.97,1.767,29.12,14.34,1.47,"$2,700,018",.121,.423,285.2,60.79,3.30,.375,67.31,72.29,75.58,50.13,"29' 11""","43' 8""",-.073,52.29,63.33,.417,39.53,2.16,1.756,28.71,13.74,1.52,"$1,819,206"
Russell Knox,.020,.518,291.1,61.87,8.93,.532,70.24,74.49,82.07,52.88,"30' 9""","45' 7""",-.065,50.68,61.00,-.459,37.10,3.27,1.780,29.55,14.68,1.38,"$805,597",-.145,.380,296.3,63.09,13.49,.449,70.11,74.94,81.93,53.75,"29' 0""","42' 4""",.077,55.43,63.42,-.350,36.86,3.00,1.800,29.49,13.40,1.52,"$519,028",.013,.726,289.2,61.41,6.62,.585,69.06,75.14,77.61,53.22,"30' 2""","40' 0""",.129,59.57,62.09,-.176,37.50,3.16,1.779,29.32,14.20,1.45,"$1,132,825",.059,.471,291.7,61.60,9.30,.263,69.57,73.65,79.20,53.69,"30' 11""","44' 9""",.149,52.21,59.43,-.088,36.23,3.21,1.791,29.70,15.25,1.30,"$1,424,030",.102,.165,288.6,62.40,8.06,.181,66.59,71.19,78.01,46.86,"30' 2""","48' 4""",-.119,37.93,57.48,-.349,37.86,3.89,1.785,29.41,17.78,1.17,"$1,643,924"
Rory Sabbatini,.015,-.251,288.3,61.72,7.84,-.142,65.14,69.77,76.64,52.28,"34' 9""","45' 6""",-.124,51.90,52.19,.298,40.31,3.16,1.726,28.94,19.28,1.21,"$747,466",.005,.086,283.9,61.87,5.17,-.278,65.24,68.44,79.25,49.86,"32' 3""","47' 2""",.359,59.83,60.29,-.015,40.07,3.28,1.778,28.76,16.58,1.26,"$629,885",.300,.667,289.4,61.41,6.45,.103,66.91,72.37,74.65,56.18,"32' 7""","44' 10""",.263,55.56,63.90,.154,41.34,2.63,1.738,28.47,14.04,1.64,"$2,382,298",.217,.299,292.3,62.84,8.99,-.152,67.85,72.59,78.57,54.35,"31' 7""","42' 0""",.234,60.67,61.36,.059,38.70,3.37,1.776,29.07,15.42,1.39,"$1,126,057",.308,.482,291.6,62.86,6.92,.146,67.35,72.96,75.76,52.98,"30' 1""","42' 0""",.028,52.04,58.38,-.357,38.21,3.59,1.769,29.34,16.32,1.35,"$741,617"
Justin Thomas,.013,1.487,301.7,63.30,16.67,1.051,69.44,76.30,84.01,50.41,"28' 8""","51' 1""",.423,56.45,59.74,.356,44.44,2.51,1.667,28.19,14.02,2.08,"$5,539,361",.405,1.741,304.2,65.39,23.28,.997,69.61,75.77,79.96,60.00,"28' 0""","43' 5""",.339,62.50,63.16,-.031,40.99,2.36,1.722,28.62,13.13,1.96,"$7,344,040",.479,1.817,302.2,64.74,18.75,.985,70.68,77.48,84.02,55.06,"28' 7""","42' 11""",.352,52.58,61.32,-.186,40.66,3.01,1.716,28.68,13.73,1.93,"$5,013,084",.408,1.563,311.8,65.50,35.81,.844,68.77,73.86,81.16,56.88,"29' 2""","45' 1""",.311,54.29,62.47,.272,42.55,2.64,1.714,28.33,13.96,1.81,"$8,694,821",.452,1.479,309.7,64.90,32.84,.738,67.16,73.59,78.78,56.81,"28' 9""","42' 9""",.289,48.57,60.39,.332,43.67,2.60,1.694,28.25,14.84,1.72,"$9,921,560"
Cameron Smith,.002,.739,297.6,63.16,17.59,.432,65.53,75.19,79.09,52.85,"32' 1""","48' 3""",.236,65.66,65.07,.606,44.65,1.54,1.689,27.50,14.40,1.81,"$4,258,720",-.245,-.134,299.8,63.80,13.39,.020,64.06,68.38,79.71,51.72,"30' 1""","46' 4""",.091,57.52,59.18,.280,41.93,2.43,1.736,28.48,16.84,1.31,"$2,372,487",-.123,.167,294.2,62.21,16.94,.004,63.66,68.97,74.15,49.17,"30' 5""","46' 7""",.286,58.68,60.74,.157,42.34,2.18,1.756,28.49,16.07,1.30,"$1,504,820",-.148,.104,298.4,63.27,15.71,.034,63.18,67.30,78.08,49.47,"32' 2""","42' 2""",.218,56.52,61.12,.115,41.52,1.92,1.745,28.36,15.95,1.32,"$3,622,607",-.130,.418,292.6,62.17,11.59,.149,63.14,69.33,76.05,50.40,"30' 9""","44' 10""",.399,49.18,58.64,.084,41.80,2.85,1.737,28.52,17.55,1.25,"$2,123,216"
Brian Stuard,-.003,-.172,280.1,59.95,1.56,-.110,65.63,73.84,71.67,56.92,"31' 0""","47' 9""",-.003,36.14,58.84,.063,40.54,2.43,1.741,28.69,16.84,1.27,"$673,770",-.245,.138,281.5,60.65,1.95,.083,65.09,70.23,73.71,45.45,"31' 3""","45' 5""",.300,50.00,62.28,.114,40.95,1.78,1.742,28.41,14.81,1.40,"$1,002,095",-.239,.217,276.6,59.48,1.74,.266,64.89,69.62,72.96,46.44,"30' 10""","42' 6""",.190,52.90,64.31,.176,41.84,2.48,1.749,28.40,14.83,1.40,"$1,320,637",-.227,-.101,278.9,60.14,1.55,.099,67.12,71.21,76.76,45.99,"30' 6""","44' 7""",.026,48.03,59.23,.164,38.83,2.00,1.762,29.11,15.18,1.26,"$1,089,763",-.340,-.333,272.6,59.36,.00,.171,63.35,68.68,70.51,47.56,"30' 8""","44' 8""",-.164,46.43,57.14,-.137,39.66,2.55,1.771,29.00,17.82,1.05,"$588,806"
Adam Hadwin,-.019,.039,294.4,61.62,12.04,-.387,62.35,68.56,73.82,45.80,"33' 9""","53' 5""",.446,52.38,60.66,.325,41.87,3.09,1.751,28.41,16.98,1.24,"$690,770",-.004,.389,294.0,62.89,9.65,.262,68.29,74.18,79.62,48.29,"29' 4""","49' 2""",.130,65.05,58.49,.185,38.89,2.14,1.755,28.91,15.21,1.38,"$1,710,808",.310,.091,291.2,62.38,10.14,.008,67.55,72.76,77.19,51.22,"30' 0""","43' 10""",-.227,55.94,57.62,.252,41.12,3.05,1.734,28.68,16.40,1.39,"$2,039,012",.057,.490,289.4,62.19,3.90,.166,68.04,73.91,79.02,49.53,"33' 9""","45' 6""",.267,47.34,58.59,.106,37.33,2.75,1.783,29.26,15.61,1.30,"$1,932,488",.003,.143,291.3,61.61,11.11,.183,65.08,70.59,74.73,51.45,"31' 2""","44' 11""",-.044,61.45,62.82,.409,42.52,2.78,1.753,28.56,15.19,1.37,"$3,455,012"
Nick Taylor,-.020,-.251,294.3,62.90,11.61,-.142,65.28,73.02,77.13,47.93,"33' 11""","47' 1""",-.149,53.85,62.00,-.042,40.77,3.08,1.754,28.66,15.97,1.35,"$521,578",.094,.116,296.6,63.09,12.71,.052,66.95,70.89,80.94,45.08,"31' 10""","47' 1""",-.030,46.34,56.98,-.043,38.79,2.35,1.757,29.07,15.91,1.30,"$1,897,539",.135,.122,292.1,62.61,9.14,-.051,67.26,72.22,79.63,53.72,"33' 5""","41' 5""",.038,46.79,60.77,.330,40.74,2.51,1.748,28.84,14.87,1.45,"$892,663",.049,.077,292.7,62.42,6.71,.011,67.65,73.12,79.63,53.36,"31' 9""","48' 6""",.017,55.56,61.83,-.312,37.78,3.40,1.797,29.48,15.31,1.27,"$899,373",.168,.342,291.6,62.39,8.95,.053,66.14,72.22,73.68,55.31,"33' 1""","44' 10""",.121,47.71,61.83,-.191,38.13,3.68,1.796,29.38,15.91,1.22,"$1,255,259"
Kyle Stanley,-.032,.568,292.4,61.84,5.00,.288,69.17,78.66,80.60,51.78,"30' 6""","43' 3""",.174,39.29,59.76,-.830,35.93,2.50,1.779,29.42,15.19,1.30,"$688,297",.048,.397,285.1,61.82,2.83,.335,72.54,77.00,81.29,56.34,"29' 11""","44' 3""",.014,48.00,58.78,-.323,35.95,3.46,1.783,29.77,14.36,1.50,"$490,359",.037,.285,288.9,61.82,4.69,.309,67.47,72.93,79.32,46.50,"30' 7""","44' 3""",-.062,49.61,58.65,-.297,36.77,2.78,1.787,29.43,15.72,1.26,"$1,117,604",.378,.649,295.7,62.82,17.11,.298,71.09,75.46,80.66,50.84,"30' 6""","47' 11""",-.027,46.20,54.80,.037,35.42,3.22,1.781,29.89,15.72,1.37,"$3,916,001",.659,1.259,296.5,62.56,14.06,.562,70.39,76.85,81.89,53.59,"29' 4""","44' 2""",.038,49.09,58.35,-.309,37.06,3.78,1.776,29.63,15.72,1.41,"$3,402,106"
Pat Perez,-.064,-.180,295.0,62.09,11.72,.124,64.58,77.42,74.90,51.90,"33' 4""","45' 3""",.064,51.52,63.73,.390,40.19,2.43,1.751,28.53,16.23,1.28,"$445,721",-.163,.019,290.3,61.72,7.45,.252,70.51,74.58,80.00,59.30,"30' 11""","37' 5""",-.069,57.83,59.25,.253,37.78,2.93,1.769,29.47,13.94,1.50,"$1,010,905",-.498,-.248,286.1,60.42,3.00,-.085,65.32,68.02,74.38,45.85,"33' 2""","45' 0""",.335,50.00,61.76,.535,40.86,3.05,1.756,28.55,15.95,1.35,"$1,103,241",-.063,-.163,290.9,62.01,9.52,-.138,67.78,70.92,79.65,50.41,"31' 9""","44' 5""",.037,47.20,55.63,.115,37.48,2.59,1.765,29.29,16.52,1.30,"$2,962,641",-.147,.515,290.9,61.55,8.54,.222,66.17,72.62,79.58,52.32,"33' 8""","42' 3""",.440,52.74,63.14,.346,40.99,2.59,1.754,28.69,14.63,1.46,"$4,361,400"
Zach Johnson,-.064,.004,290.4,61.84,10.19,.101,68.31,75.36,78.54,53.85,"31' 8""","46' 7""",-.032,58.82,59.09,.728,37.96,2.26,1.774,29.28,14.71,1.39,"$1,027,430",-.092,.097,285.9,61.89,4.10,.287,68.03,72.53,78.36,53.46,"32' 1""","42' 4""",-.098,50.56,62.11,.369,39.98,2.09,1.751,28.80,13.66,1.54,"$777,727",.053,.546,287.5,61.69,2.34,.398,62.59,68.66,72.39,43.96,"31' 3""","43' 7""",.095,54.08,61.95,-.087,40.89,2.26,1.767,28.39,16.06,1.19,"$603,160",-.059,.829,289.8,61.81,5.75,.463,67.43,72.69,79.31,47.05,"29' 5""","46' 0""",.425,52.98,62.35,.206,39.91,2.23,1.742,28.62,14.05,1.56,"$1,957,635",-.005,.215,286.9,61.16,4.55,-.007,64.21,69.69,76.10,45.14,"30' 9""","43' 10""",.226,51.64,59.88,.417,41.77,2.31,1.747,28.56,16.45,1.21,"$2,362,968"
Patton Kizzire,-.067,.150,301.2,63.34,15.52,.160,69.64,74.59,78.16,58.36,"32' 0""","47' 2""",.057,51.14,57.41,.474,40.42,1.72,1.717,28.53,14.66,1.62,"$1,030,595",-.661,-1.060,294.8,63.09,7.27,-.368,64.85,70.92,77.40,51.98,"31' 10""","43' 11""",-.031,45.45,56.61,.453,41.92,2.02,1.735,28.56,17.27,1.25,"$352,764",-.489,-.740,294.9,62.12,11.36,-.132,63.96,69.50,73.45,49.88,"32' 7""","45' 9""",-.120,50.42,57.92,.642,41.67,1.88,1.728,28.58,16.44,1.26,"$995,341",-.294,-.063,298.7,63.60,15.17,.381,69.04,74.64,80.17,53.06,"30' 0""","42' 9""",-.150,46.83,55.24,.030,36.70,2.93,1.764,29.53,15.92,1.35,"$3,541,151",-.744,-.475,293.0,61.97,9.21,.290,63.52,68.90,76.16,49.80,"30' 3""","44' 4""",-.021,50.00,54.31,-.103,39.55,3.44,1.766,29.09,19.08,1.06,"$1,110,395"
Adam Scott,-.073,.211,308.0,64.33,31.82,.340,65.91,71.90,83.88,47.69,"31' 11""","45' 11""",-.057,34.21,49.26,.341,38.64,2.78,1.743,29.23,19.32,1.20,"$689,360",-.056,.636,308.1,64.76,30.00,.268,68.13,72.96,82.59,52.34,"32' 0""","48' 4""",.424,55.07,60.09,.269,39.47,1.75,1.740,28.82,14.04,1.57,"$2,272,434",.285,1.483,299.3,62.77,10.38,.846,68.94,74.49,81.21,54.39,"29' 6""","49' 3""",.351,55.45,59.82,.348,39.25,3.10,1.746,29.03,15.21,1.62,"$4,084,541",.300,1.064,304.6,62.86,22.86,.639,70.66,76.76,79.91,55.50,"31' 3""","45' 4""",.125,50.38,54.85,-.285,35.47,4.56,1.799,30.15,16.67,1.28,"$2,237,641",.524,1.103,307.0,63.73,26.00,.536,67.05,71.69,79.57,52.27,"31' 10""","46' 1""",.043,53.85,58.43,-.097,38.41,3.26,1.780,29.36,16.38,1.30,"$1,695,144"
Ian Poulter,-.088,-.591,284.1,60.62,7.35,-.611,61.60,63.76,70.75,47.47,"36' 8""","49' 8""",.107,57.97,66.38,.698,43.14,2.78,1.775,28.29,15.52,1.20,"$670,864",-.188,.002,286.8,61.64,2.63,.137,62.62,66.08,73.12,50.37,"31' 7""","45' 6""",.053,54.00,62.23,.687,45.37,2.31,1.708,27.88,15.97,1.35,"$1,034,334",-.078,.339,291.5,62.07,7.00,.150,66.86,70.71,76.49,50.84,"32' 2""","40' 10""",.267,62.04,59.83,.425,41.00,2.49,1.736,28.59,15.61,1.48,"$2,162,306",.141,.627,293.6,61.48,11.61,.435,67.01,72.22,76.81,52.49,"31' 10""","39' 5""",.051,50.42,57.11,.223,38.02,2.17,1.766,28.97,16.23,1.29,"$2,714,450",-.162,.911,283.5,60.76,1.56,.573,64.46,70.20,74.37,50.70,"32' 7""","46' 1""",.501,59.29,67.36,.025,41.09,2.37,1.778,28.44,13.89,1.41,"$2,098,346"
Jason Dufner,-.130,-.411,284.3,61.20,8.33,-.218,64.58,69.91,78.07,47.84,"31' 11""","42' 4""",-.155,56.58,62.75,-.082,39.12,3.24,1.797,29.17,16.67,1.06,"$200,149",.047,.686,286.2,61.63,5.65,.472,67.83,73.91,77.43,51.89,"29' 4""","42' 3""",.167,52.58,61.56,-.681,37.19,4.30,1.818,29.61,15.59,1.19,"$306,781",.264,.479,290.1,61.94,5.47,.091,70.76,73.20,78.15,58.64,"30' 7""","42' 6""",.124,50.74,54.88,-.494,34.80,4.09,1.796,30.14,16.67,1.25,"$926,365",.256,.068,297.1,63.03,15.00,-.009,64.24,72.33,75.31,50.15,"32' 11""","46' 6""",-.178,50.94,58.25,-.058,37.85,4.43,1.811,29.58,17.71,1.07,"$1,497,655",.268,.654,294.6,62.79,12.18,.519,67.21,72.88,79.12,51.55,"30' 9""","41' 10""",-.133,41.18,57.85,-.001,39.97,4.20,1.764,29.30,17.21,1.27,"$3,310,341"
Scott Brown,-.134,-.987,296.9,62.59,19.00,-.366,63.33,71.24,73.32,50.00,"32' 2""","47' 9""",-.437,61.90,62.12,.007,40.33,3.00,1.782,28.76,16.78,1.15,"$184,545",.215,-.088,288.5,61.99,3.91,-.307,64.50,70.00,74.13,47.60,"33' 3""","46' 4""",.004,44.12,59.66,-.259,38.45,3.30,1.786,29.17,17.01,1.13,"$963,412",.199,-.077,288.6,61.87,7.32,-.083,66.53,71.90,75.83,49.75,"31' 10""","47' 3""",-.194,50.00,60.73,.073,38.28,3.05,1.777,29.09,15.51,1.33,"$999,457",-.265,-.710,292.6,61.78,7.22,-.270,65.65,69.00,76.30,47.01,"31' 11""","49' 3""",-.175,42.86,54.79,.049,37.81,2.27,1.762,29.10,17.23,1.17,"$1,076,678",.143,-.344,289.0,61.79,4.40,-.225,64.35,70.23,73.28,50.11,"32' 2""","45' 6""",-.262,52.70,59.08,.276,41.09,2.44,1.760,28.69,16.54,1.21,"$1,748,324"
Tom Hoge,-.139,.356,289.2,61.61,5.65,.527,65.05,74.07,76.74,51.37,"30' 9""","46' 6""",-.001,43.75,61.03,.152,43.55,2.06,1.704,27.94,16.04,1.50,"$1,198,020",.062,.355,290.4,62.25,8.11,.389,65.62,71.97,75.28,53.19,"29' 4""","44' 5""",-.095,43.33,60.48,.046,40.54,3.08,1.768,28.78,16.14,1.31,"$1,857,073",-.179,.039,290.4,61.72,8.14,.381,65.80,72.76,77.48,48.33,"29' 5""","45' 11""",-.163,49.65,59.21,-.284,37.65,3.02,1.793,29.26,16.05,1.23,"$573,464",.018,.235,291.4,62.22,11.29,.297,63.62,69.48,73.12,51.84,"29' 5""","45' 3""",-.079,49.36,61.41,-.162,42.83,3.64,1.752,28.45,17.20,1.25,"$1,358,542",-.352,-.293,285.1,62.51,4.35,.235,66.06,71.65,77.78,50.53,"28' 3""","43' 5""",-.176,58.06,60.14,.019,41.55,3.26,1.751,28.72,16.43,1.32,"$373,092"
Michael Thompson,-.140,-.082,289.5,61.02,7.41,-.166,64.92,72.57,73.54,47.90,"33' 3""","48' 6""",.134,50.00,60.41,.099,39.71,3.81,1.762,28.69,17.39,1.24,"$797,198",-.187,-.354,288.4,61.53,6.45,-.127,64.96,70.04,73.37,50.33,"32' 2""","46' 10""",-.040,57.14,60.87,.181,39.78,2.33,1.772,28.87,15.41,1.26,"$1,577,832",-.045,.087,288.4,60.80,5.63,.018,65.73,71.03,73.14,48.69,"32' 3""","47' 11""",.113,54.93,62.79,.339,41.63,2.90,1.749,28.58,15.02,1.45,"$1,307,816",-.073,-.446,296.4,62.26,11.21,-.423,70.11,75.60,82.48,49.13,"32' 0""","46' 7""",.050,48.61,55.77,.498,36.30,2.87,1.776,29.62,15.33,1.36,"$563,972",-.431,-1.013,284.8,60.92,7.14,-.373,63.69,67.42,70.54,51.17,"32' 9""","45' 5""",-.208,58.16,58.74,.840,39.98,2.38,1.788,28.88,17.16,1.04,"$568,991"
Ryan Armour,-.149,-.517,279.8,60.43,2.08,-.247,64.47,69.22,72.98,51.00,"31' 11""","43' 0""",-.121,52.31,58.63,.352,40.97,2.31,1.736,28.69,16.44,1.27,"$344,456",.020,.225,284.1,61.10,2.59,.044,67.91,72.72,75.63,44.81,"29' 9""","50' 11""",.160,39.02,56.42,-.418,37.36,3.16,1.756,29.28,16.67,1.33,"$850,571",-.103,.001,277.9,60.09,3.57,-.002,67.57,70.67,77.09,44.64,"29' 10""","46' 11""",.106,53.62,63.87,.190,39.73,3.14,1.771,28.91,14.49,1.45,"$955,468",-.012,.395,283.5,60.65,4.21,.213,68.22,73.38,76.16,53.54,"30' 9""","44' 4""",.194,52.54,60.13,-.058,37.80,3.01,1.773,29.31,15.42,1.34,"$2,485,203",.020,.136,278.8,59.73,3.39,.121,69.96,73.47,76.00,56.00,"30' 0""","42' 3""",-.005,37.33,58.31,-.029,34.56,3.01,1.799,29.88,14.97,1.28,"$443,006"
Byeong Hun An,-.150,.327,298.2,63.22,9.38,-.100,63.77,71.35,78.13,51.08,"32' 4""","43' 3""",.596,60.00,60.38,-1.133,39.93,2.78,1.773,28.63,17.71,1.12,"$337,054",-.050,.580,305.7,64.82,26.19,.256,65.78,70.83,79.75,53.56,"31' 7""","41' 8""",.373,50.71,60.61,-.525,41.19,3.63,1.756,28.69,16.07,1.35,"$2,283,951",.351,1.402,307.1,64.17,27.69,.420,67.75,74.86,80.16,54.53,"31' 0""","42' 11""",.631,58.52,59.28,-.583,38.74,2.89,1.775,29.10,15.08,1.49,"$1,990,033",.475,1.091,307.9,64.45,26.88,.448,67.99,74.05,79.13,52.03,"30' 1""","46' 3""",.167,48.85,61.16,-.285,37.50,3.11,1.791,29.31,14.95,1.39,"$2,599,264",.524,.964,300.3,63.38,11.72,.369,64.04,69.20,77.00,48.84,"32' 10""","45' 8""",.071,48.87,56.22,-.375,39.51,3.70,1.789,29.14,18.83,1.04,"$1,236,090"
Bill Haas,-.160,-.576,292.1,61.65,6.67,-.474,63.70,70.59,77.02,51.35,"36' 7""","52' 2""",.040,45.45,62.76,.055,39.81,3.52,1.779,28.40,17.59,1.15,"$79,800",-.133,.005,294.3,62.56,7.95,-.128,69.44,76.31,78.51,56.30,"32' 9""","44' 1""",.265,50.79,59.09,-1.068,36.11,4.55,1.811,29.95,16.16,1.26,"$130,293",-.083,.098,291.5,61.72,8.70,-.169,64.65,73.22,75.76,50.54,"34' 9""","45' 6""",.350,52.34,61.73,.055,38.33,2.09,1.776,28.90,15.30,1.33,"$730,806",-.177,.139,296.2,62.03,14.29,-.052,64.79,70.45,77.33,52.38,"33' 9""","44' 0""",.368,57.26,60.34,-.059,37.09,2.18,1.811,29.23,15.84,1.10,"$638,414",-.047,.868,293.0,61.67,6.79,.399,67.91,73.38,79.23,54.04,"32' 4""","42' 1""",.516,53.57,63.75,.055,37.84,2.94,1.792,29.15,14.25,1.37,"$2,842,173"
Brandt Snedeker,-.177,-.141,287.9,61.02,5.77,.055,61.86,71.21,73.20,52.08,"34' 6""","45' 3""",.002,43.88,57.14,.407,41.88,2.67,1.724,28.15,19.87,1.03,"$717,361",-.333,-.155,288.5,62.26,1.89,-.336,65.93,71.56,77.56,53.19,"34' 5""","44' 5""",.514,55.56,63.08,.347,40.25,1.78,1.750,28.49,14.15,1.50,"$896,750",-.193,.370,287.2,61.44,5.75,.083,64.93,70.49,76.83,49.12,"33' 5""","45' 0""",.480,62.29,63.04,.592,41.53,1.96,1.746,28.33,14.53,1.45,"$3,122,936",-.145,.147,293.1,61.90,9.15,-.026,65.04,70.65,76.91,50.23,"32' 2""","44' 0""",.318,56.67,60.08,.478,40.04,2.24,1.743,28.63,15.51,1.34,"$2,448,970",-.311,.506,281.6,61.53,6.00,.503,67.11,72.62,76.96,50.39,"32' 6""","42' 2""",.314,56.25,63.18,.572,41.11,3.44,1.752,28.62,15.00,1.52,"$1,625,806"
J.T. Poston,-.203,-.595,301.2,62.96,14.58,-.378,62.38,67.57,77.37,49.03,"34' 11""","45' 10""",-.014,55.77,55.69,.884,42.13,2.31,1.724,28.56,18.40,1.22,"$1,104,525",.130,-.141,290.2,63.01,5.00,-.366,64.74,69.31,73.56,50.25,"33' 8""","44' 11""",.095,57.25,60.40,.572,42.66,1.50,1.711,28.21,15.24,1.44,"$1,282,929",.032,.294,293.8,62.07,9.90,.223,66.84,72.29,76.54,53.61,"31' 2""","44' 7""",.038,52.84,62.83,.212,41.67,2.84,1.743,28.56,14.87,1.51,"$2,461,215",.381,.003,300.7,63.67,18.31,-.373,68.31,72.12,80.52,51.31,"31' 2""","45' 7""",-.005,50.00,57.53,.135,39.28,2.27,1.747,29.07,15.49,1.37,"$940,661",.156,.147,295.5,62.79,14.94,.053,65.52,71.61,76.14,52.85,"30' 5""","43' 1""",-.062,41.98,59.07,-.117,40.23,2.43,1.747,28.84,15.71,1.37,"$662,565"
Jordan Spieth,-.204,.758,297.2,63.02,11.46,.558,64.81,71.49,80.46,50.94,"33' 11""","43' 11""",.404,59.68,59.54,.418,42.71,2.78,1.713,28.10,16.44,1.55,"$3,691,056",-.279,.134,301.6,64.10,17.00,.082,62.37,68.09,75.11,50.61,"29' 3""","44' 10""",.330,49.09,57.86,.004,43.01,2.33,1.724,28.21,17.74,1.25,"$1,138,146",-.452,-.403,295.2,62.68,12.66,-.198,62.80,68.10,76.66,51.74,"33' 0""","43' 2""",.246,54.61,62.00,.862,45.43,2.53,1.694,27.71,15.96,1.50,"$2,124,192",.271,.863,299.8,64.04,17.11,.409,70.47,76.77,83.74,57.42,"30' 5""","41' 3""",.184,51.33,61.63,-.034,39.55,3.29,1.755,29.09,13.89,1.70,"$2,793,536",.321,1.646,295.6,63.93,13.51,.896,70.01,77.78,80.58,58.17,"29' 1""","40' 3""",.429,54.84,61.76,.278,41.45,1.99,1.711,28.45,12.89,1.99,"$9,433,033"
Kevin Na,-.217,.070,287.7,61.29,10.64,-.244,65.48,71.64,79.59,44.24,"34' 3""","49' 2""",.531,52.94,61.64,-.169,40.54,3.07,1.767,28.62,15.72,1.40,"$2,068,792",-.410,-.002,286.9,62.03,11.90,.267,63.22,68.27,76.08,43.24,"31' 1""","45' 9""",.140,55.56,65.96,.693,44.60,2.58,1.733,28.08,14.48,1.48,"$2,794,402",-.282,-.002,289.6,61.09,7.29,-.076,64.44,67.17,75.65,45.70,"33' 3""","48' 10""",.355,55.26,58.85,.089,39.72,2.50,1.767,28.92,16.85,1.18,"$2,257,309",-.378,.268,289.6,61.26,10.26,.273,64.66,69.37,78.17,42.03,"29' 0""","47' 1""",.373,61.49,63.62,.533,43.54,2.39,1.722,28.07,14.99,1.49,"$3,578,316",-.406,.513,283.7,60.48,4.05,.631,65.51,73.15,75.93,51.80,"28' 10""","43' 4""",.288,54.55,61.10,.265,40.31,3.46,1.755,28.78,16.06,1.35,"$1,728,350"
Troy Merritt,-.224,-.076,291.9,61.39,11.67,.161,63.80,69.07,75.05,50.15,"32' 1""","48' 5""",.002,52.81,62.66,-.236,38.52,4.07,1.801,29.12,16.76,1.09,"$331,851",-.074,-.636,291.8,62.14,5.83,-.323,66.50,70.61,76.10,52.68,"31' 5""","46' 10""",-.238,47.96,60.00,.470,39.05,2.45,1.758,28.91,15.36,1.38,"$1,037,971",-.054,.336,293.3,62.58,10.53,.366,68.85,74.01,76.49,53.82,"30' 6""","43' 8""",.041,48.78,58.77,.085,39.71,2.19,1.729,28.69,14.57,1.66,"$1,531,143",.138,.132,295.4,62.13,10.59,.086,65.16,70.17,74.97,52.73,"32' 5""","46' 6""",-.092,48.47,57.60,.077,39.93,2.35,1.747,28.74,16.99,1.25,"$1,326,989",-.118,-.146,290.2,61.83,5.92,-.018,64.84,71.83,75.27,50.00,"30' 5""","48' 0""",-.009,52.38,58.21,-.017,39.11,2.63,1.778,28.95,16.81,1.18,"$569,682"
Richy Werenski,-.227,-.082,295.5,62.14,10.19,-.170,62.76,73.09,78.21,47.47,"33' 1""","50' 2""",.196,49.45,61.05,-.034,41.56,2.37,1.738,28.13,17.08,1.24,"$989,239",-.130,-.001,298.1,62.59,14.29,.038,66.67,71.88,77.53,51.37,"30' 11""","45' 11""",.091,50.94,59.52,.485,41.17,2.38,1.729,28.55,15.28,1.44,"$1,716,407",.057,-.221,293.6,62.50,10.24,-.163,65.93,72.15,75.49,53.01,"32' 6""","42' 11""",-.114,45.24,60.31,.074,38.82,2.34,1.760,28.81,15.46,1.36,"$851,329",.077,-.014,291.8,62.02,8.52,-.169,66.97,72.30,79.19,48.11,"31' 2""","47' 7""",.077,43.33,56.49,-.109,37.38,3.02,1.782,29.36,16.61,1.18,"$1,081,283",.203,-.223,291.2,62.04,2.70,-.123,67.42,72.68,76.51,50.28,"30' 0""","48' 7""",-.303,44.74,60.60,.000,38.44,2.93,1.786,29.31,15.24,1.31,"$890,262"
Kevin Kisner,-.233,-.302,286.7,61.17,6.25,.049,66.81,74.76,78.03,46.34,"34' 11""","45' 10""",-.127,43.75,56.90,.342,39.58,2.22,1.732,28.78,16.81,1.31,"$1,196,576",.058,.199,289.2,62.14,6.92,.234,65.37,71.23,73.87,52.68,"31' 8""","44' 9""",-.093,50.89,63.96,.559,42.39,2.21,1.743,28.34,14.38,1.49,"$2,266,752",.149,.221,286.4,61.23,4.07,.257,66.99,72.85,76.32,50.41,"31' 8""","45' 0""",-.186,45.83,61.06,.450,39.79,1.81,1.760,28.66,14.34,1.46,"$3,489,144",-.043,-.476,290.8,62.09,5.13,-.316,65.38,71.11,75.58,47.03,"33' 6""","44' 9""",-.118,44.00,60.29,.513,38.68,1.78,1.766,28.91,15.24,1.29,"$2,972,285",.257,.656,289.5,61.66,8.14,.334,66.38,72.91,76.28,47.00,"30' 1""","50' 8""",.065,50.00,62.06,.388,39.40,3.12,1.785,28.89,15.65,1.27,"$4,766,936"
Rafa Cabrera Bello,-.247,-.918,288.9,61.08,7.89,-.456,62.13,66.88,72.44,47.78,"36' 10""","47' 2""",-.215,51.43,54.05,.427,38.01,3.36,1.781,29.39,19.88,.93,"$221,393",-.096,-.591,293.7,62.09,8.54,-.166,63.84,69.37,72.23,50.00,"30' 9""","45' 10""",-.328,37.93,57.97,.067,41.72,2.62,1.759,28.74,17.51,1.17,"$646,577",.180,.376,289.6,61.12,6.25,.089,62.99,68.17,73.98,47.62,"35' 1""","42' 6""",.107,53.06,59.16,.043,41.42,3.51,1.747,28.59,17.81,1.29,"$1,926,935",.256,.839,295.1,62.48,12.93,.487,70.16,74.77,79.91,53.48,"30' 8""","47' 4""",.096,56.90,57.98,.273,37.86,3.65,1.773,29.47,15.48,1.41,"$2,449,869",-.223,-.326,291.7,61.31,9.62,-.171,62.69,65.10,72.29,47.22,"32' 9""","45' 5""",.068,53.33,59.80,.473,39.72,2.96,1.774,28.85,17.59,1.11,"$1,934,675"
Justin Rose,-.252,-.307,297.0,61.47,10.00,.175,63.89,78.04,72.83,50.00,"33' 9""","45' 7""",.100,48.98,54.36,.426,43.52,2.78,1.678,27.67,20.74,1.25,"$717,520",.218,.343,299.6,63.41,10.29,.233,63.16,69.87,72.90,46.92,"28' 4""","49' 7""",-.108,61.29,57.54,-.025,41.52,2.92,1.736,28.63,17.98,1.28,"$965,656",.179,.739,303.2,62.58,19.83,.525,64.78,71.09,77.01,47.40,"29' 9""","49' 1""",.036,61.68,62.09,.504,44.35,1.79,1.710,27.94,14.87,1.58,"$4,358,849",.551,1.527,303.5,63.22,20.97,.526,69.95,75.89,80.82,53.50,"31' 0""","40' 10""",.450,61.16,63.03,.424,40.40,2.69,1.732,28.67,13.05,1.95,"$8,130,678",.559,1.295,300.9,63.54,23.33,.363,68.06,76.64,78.51,57.75,"31' 0""","43' 1""",.373,56.25,58.97,-.063,37.41,3.13,1.770,29.16,15.89,1.46,"$4,245,308"
Peter Malnati,-.260,-.088,290.8,62.83,6.73,-.033,63.14,73.25,74.34,53.70,"32' 10""","43' 2""",.071,53.75,57.97,.457,43.70,2.24,1.690,27.69,18.38,1.31,"$1,349,207",-.461,-.825,287.6,62.55,2.63,-.431,62.57,68.20,74.42,49.59,"31' 3""","40' 8""",.067,44.93,60.94,.333,43.66,2.44,1.727,28.11,16.57,1.28,"$561,273",-.410,-.088,292.2,62.92,9.64,.225,63.99,69.30,74.53,52.76,"31' 8""","42' 2""",.097,50.00,62.64,.467,43.24,1.67,1.732,28.01,14.99,1.45,"$864,496",-.372,-.374,290.9,62.63,7.83,-.257,62.99,67.19,76.02,48.40,"32' 3""","45' 1""",.255,56.69,61.30,.619,44.24,1.81,1.723,28.07,15.86,1.32,"$420,001",-.262,-.635,282.3,61.21,1.23,-.563,62.48,67.43,69.83,50.23,"31' 6""","43' 2""",.190,53.06,61.50,.451,42.03,2.81,1.753,28.40,16.60,1.19,"$358,541"
Marc Leishman,-.272,.249,291.2,61.56,10.42,.718,64.58,77.78,77.89,50.88,"32' 0""","50' 9""",.126,58.46,62.75,-.006,38.66,2.20,1.762,28.40,16.32,1.31,"$2,359,730",-.202,.021,295.8,62.77,9.43,.366,61.48,66.56,72.56,49.63,"30' 6""","47' 0""",-.143,42.11,55.32,-.260,39.16,2.82,1.770,28.95,19.49,.99,"$3,109,752",-.077,.531,296.2,62.63,8.59,.472,67.21,72.42,78.70,51.09,"30' 9""","42' 10""",.135,58.21,64.00,.302,42.05,3.55,1.755,28.74,14.20,1.58,"$3,886,577",-.006,.498,298.5,63.26,19.51,.211,66.67,73.29,79.29,50.30,"32' 4""","44' 11""",.292,48.81,59.07,.126,39.88,2.84,1.749,28.94,16.11,1.39,"$3,771,221",.319,1.066,298.6,63.34,19.51,.410,67.04,73.35,81.03,48.91,"31' 6""","45' 7""",.337,52.90,61.42,.356,39.01,2.28,1.759,28.73,14.57,1.54,"$5,866,390"
Matt Kuchar,-.278,-.149,287.4,61.54,6.82,.085,65.28,71.08,74.58,53.27,"33' 2""","49' 5""",.043,56.00,57.45,.174,40.28,1.89,1.723,28.73,16.16,1.34,"$1,170,103",-.039,-.010,282.9,61.73,6.25,.014,64.98,71.54,76.64,47.96,"32' 2""","45' 7""",.015,58.43,60.91,.687,40.97,1.49,1.734,28.43,14.98,1.44,"$1,515,585",.063,.760,289.5,62.07,8.75,.591,69.38,73.82,79.92,50.55,"31' 2""","43' 1""",.105,60.82,63.04,.302,39.58,2.57,1.748,28.96,13.13,1.74,"$6,294,690",-.199,.228,288.0,61.43,7.24,.216,66.81,71.45,79.80,49.64,"30' 11""","43' 3""",.211,60.81,63.60,.348,40.56,2.57,1.762,28.85,14.17,1.42,"$1,720,097",.158,.840,285.4,61.41,3.57,.253,66.73,71.92,77.01,48.80,"31' 10""","43' 1""",.430,56.39,65.34,.332,39.98,2.78,1.770,28.72,13.95,1.47,"$4,282,488"
C.T. Pan,-.290,.221,293.8,62.53,13.89,.302,63.99,72.76,72.99,53.95,"31' 8""","43' 7""",.153,54.67,63.43,-.143,38.79,2.67,1.777,28.81,15.43,1.26,"$984,516",-.258,-.085,287.0,61.68,4.17,.277,67.26,70.80,76.60,52.58,"31' 3""","50' 10""",-.104,46.24,54.24,-.767,34.23,2.88,1.798,29.82,17.56,1.04,"$329,997",-.114,.120,285.0,60.59,3.57,.054,64.16,68.06,75.71,44.67,"32' 0""","44' 9""",.180,57.45,63.71,-.062,39.97,2.57,1.765,28.71,15.04,1.32,"$2,362,399",.215,.544,292.7,62.08,11.11,.267,71.20,75.61,80.95,52.47,"32' 1""","42' 4""",.063,42.07,56.89,-.067,35.20,2.66,1.770,29.66,14.74,1.45,"$1,881,787",.052,-.074,287.2,61.65,6.98,-.092,67.25,71.93,74.84,54.65,"32' 9""","47' 2""",-.034,54.17,60.55,-.013,37.79,3.62,1.808,29.70,15.57,1.15,"$1,267,649"
Gary Woodland,-.339,-.074,308.4,62.99,36.11,.154,62.35,69.23,76.10,47.84,"32' 4""","44' 2""",.112,43.48,53.28,-.307,38.27,3.24,1.777,29.08,20.06,1.05,"$492,975",.052,.443,305.4,64.63,25.00,.601,68.19,74.53,77.74,54.47,"30' 11""","43' 9""",-.210,47.62,60.00,.340,39.34,1.97,1.753,28.95,14.34,1.61,"$2,195,131",.472,1.025,308.2,64.12,28.95,.545,69.05,75.98,81.12,50.81,"29' 7""","44' 7""",.008,50.41,57.48,-.143,38.23,3.04,1.759,29.30,15.48,1.62,"$5,690,965",.803,1.059,313.5,65.13,36.75,.484,70.51,76.35,80.30,57.24,"29' 10""","45' 4""",-.228,41.49,54.45,.007,34.92,3.54,1.794,29.93,16.42,1.34,"$3,108,907",.431,1.040,307.6,64.02,29.22,.571,69.48,75.52,82.09,54.83,"30' 4""","46' 0""",.039,60.55,58.28,-.381,36.33,4.24,1.807,29.89,16.04,1.31,"$2,980,225"
Mackenzie Hughes,-.350,-.723,293.5,62.15,10.58,-.449,63.68,68.52,75.47,46.96,"34' 5""","51' 11""",.076,43.00,59.41,.646,40.49,1.60,1.735,28.46,16.13,1.34,"$1,027,972",-.352,-.289,298.7,63.56,12.14,-.390,63.41,68.01,78.21,44.80,"32' 3""","45' 7""",.454,54.40,60.52,.681,41.67,1.90,1.735,28.19,15.71,1.34,"$2,079,951",-.068,-.030,297.2,62.96,13.16,.032,65.28,71.72,76.38,52.81,"33' 0""","45' 4""",.006,40.68,61.05,-.014,40.50,2.85,1.770,28.80,15.79,1.33,"$1,022,081",-.068,.163,294.9,62.52,11.18,.353,66.01,71.73,78.49,49.06,"31' 0""","47' 3""",-.122,41.74,54.19,-.177,37.13,2.56,1.766,29.37,17.69,1.17,"$518,476",.021,-.320,294.3,62.77,15.38,-.404,64.74,70.72,75.86,49.24,"33' 9""","44' 11""",.063,47.02,58.64,.492,39.16,3.26,1.779,29.07,17.15,1.18,"$2,355,553"
Robert Streb,-.367,-.398,290.4,62.24,10.87,-.090,63.89,70.42,76.05,50.75,"33' 10""","47' 5""",.108,53.01,62.88,-.018,40.22,2.42,1.750,28.46,15.94,1.28,"$1,431,469",-.117,-.582,293.7,62.69,11.00,-.221,67.33,71.18,80.05,54.95,"30' 8""","43' 8""",-.244,35.37,52.72,-.573,36.33,2.78,1.766,29.60,16.89,1.18,"$415,258",-.256,-.187,288.7,61.59,4.17,-.053,66.13,72.41,76.67,53.44,"32' 3""","43' 8""",.122,46.67,60.36,-.237,37.42,2.62,1.784,29.21,15.35,1.27,"$796,525",-.680,-.500,292.6,61.43,9.85,.096,64.94,71.20,80.14,48.73,"31' 3""","46' 4""",.084,45.00,52.89,-.081,36.41,2.78,1.792,29.51,18.84,.99,"$411,606",-.159,.075,294.3,62.79,15.56,-.072,65.19,70.11,77.25,50.45,"32' 9""","44' 6""",.305,45.66,58.91,.003,39.83,2.96,1.772,29.13,16.67,1.16,"$1,588,287"
Aaron Baddeley,-.381,-.556,284.5,61.98,7.35,-.124,64.71,75.35,74.82,52.48,"31' 11""","40' 6""",-.071,50.00,62.50,-.055,41.67,2.61,1.737,28.38,16.34,1.28,"$65,940",-.736,-.337,284.9,61.03,2.13,-.122,64.89,70.12,75.96,50.75,"34' 3""","44' 11""",.520,56.25,61.28,.256,41.96,2.36,1.738,28.40,15.48,1.44,"$286,504",-.460,-.340,286.3,60.98,2.73,-.340,63.33,65.48,75.90,50.46,"35' 0""","39' 9""",.460,54.55,65.84,.654,44.85,2.02,1.722,27.80,14.04,1.53,"$904,982",-.345,.366,295.3,62.52,7.05,.117,63.39,71.43,74.96,52.95,"32' 6""","43' 2""",.595,57.04,61.09,-.057,38.89,2.71,1.782,28.85,16.24,1.18,"$725,928",-.782,-.216,292.6,61.11,6.60,.256,62.57,69.32,77.75,49.21,"34' 8""","41' 5""",.310,58.42,59.90,.044,40.94,2.14,1.755,28.49,16.57,1.19,"$755,356"
Phil Mickelson,-.512,-.686,300.8,62.86,18.42,.001,65.64,70.78,75.38,55.34,"34' 10""","45' 0""",-.176,43.42,53.62,-.054,37.13,4.09,1.820,29.79,19.74,1.02,"$327,741",-.020,.230,301.5,64.94,16.28,-.129,63.51,67.98,76.88,50.91,"30' 7""","42' 9""",.379,56.60,60.60,-.083,41.29,1.96,1.748,28.37,16.01,1.35,"$1,493,908",-.307,-.278,306.3,64.48,25.83,-.065,64.17,69.78,78.87,51.82,"30' 5""","41' 1""",.094,55.10,54.26,-.160,40.37,2.87,1.756,28.92,18.43,1.20,"$2,440,221",-.225,.420,300.3,63.63,16.87,.555,64.88,70.63,79.10,52.00,"30' 1""","41' 2""",.091,58.60,58.36,.510,43.17,2.55,1.699,28.11,16.54,1.49,"$4,595,187",-.058,.711,293.5,62.88,12.50,.553,62.85,70.45,76.95,46.92,"31' 2""","41' 8""",.216,53.33,60.00,.337,41.18,2.01,1.734,28.25,16.67,1.34,"$2,102,599"
Kevin Tway,-.516,-.402,302.5,63.64,15.63,-.182,66.67,72.22,76.05,58.65,"34' 7""","39' 9""",.090,54.76,59.38,-.499,36.81,3.65,1.799,29.28,16.49,1.19,"$47,619",-.422,-.664,303.8,64.22,20.83,-.350,62.62,67.62,78.68,48.96,"33' 2""","44' 8""",.107,39.19,52.32,-.349,37.96,2.66,1.787,29.35,19.44,.95,"$256,320",-.099,.274,303.8,64.85,25.69,.124,67.01,72.80,79.35,52.59,"32' 9""","43' 9""",.249,50.00,61.05,-.131,38.40,2.50,1.780,29.19,14.65,1.38,"$2,300,050",.271,.277,310.1,65.20,34.38,.032,66.88,73.77,80.65,53.27,"31' 1""","44' 10""",-.026,49.44,56.77,.052,37.98,2.40,1.773,29.15,16.29,1.32,"$1,379,544",.288,.172,309.2,65.30,29.55,-.168,64.71,70.72,80.19,51.11,"31' 11""","43' 4""",.053,45.70,59.03,.261,39.90,2.59,1.766,28.86,16.48,1.26,"$1,472,613"
Vaughn Taylor,-.559,-.600,279.8,60.67,2.94,-.220,63.94,72.70,71.09,51.02,"31' 4""","39' 8""",.370,57.58,62.54,.221,40.96,2.07,1.763,28.10,16.12,1.20,"$235,707",-.043,-.352,281.6,60.95,1.89,-.155,63.75,67.17,71.35,51.65,"29' 4""","43' 8""",-.155,47.01,58.54,.294,42.26,1.73,1.720,28.11,16.03,1.36,"$1,148,779",-.205,.096,282.9,60.78,3.30,.269,66.85,71.34,75.91,49.62,"29' 7""","43' 3""",.032,56.69,63.54,.636,43.53,1.95,1.718,28.27,13.49,1.69,"$1,723,910",-.005,.299,286.1,61.58,5.06,.305,67.02,73.89,75.07,54.04,"29' 8""","45' 4""",-.002,47.65,59.91,-.080,39.52,3.66,1.769,29.15,16.39,1.34,"$965,691",-.001,-.033,282.4,61.42,2.38,.135,66.67,71.56,74.29,50.80,"30' 4""","45' 2""",-.168,55.80,60.52,.139,40.48,2.84,1.759,29.00,15.67,1.32,"$797,385"
David Hearn,-.614,-1.276,275.4,58.84,1.19,-.443,62.70,74.31,70.65,48.91,"34' 7""","45' 8""",-.180,39.62,59.93,.588,40.87,2.51,1.734,28.05,18.92,1.04,"$323,550",-.220,-.402,281.8,60.66,2.94,-.229,66.88,70.68,76.64,54.67,"33' 7""","44' 1""",.047,45.59,64.14,.120,39.87,2.61,1.769,29.02,14.49,1.35,"$287,527",-.158,-.458,279.3,60.32,2.13,.009,67.49,71.41,76.20,52.28,"32' 0""","44' 6""",-.309,50.68,58.55,-.157,38.89,2.72,1.750,29.06,15.72,1.29,"$397,677",-.170,.095,285.1,61.06,5.83,.379,68.89,74.89,79.25,50.00,"28' 4""","43' 0""",-.113,47.62,55.65,-.127,37.78,3.61,1.778,29.58,16.57,1.25,"$622,383",-.175,-.044,281.0,60.42,3.09,.016,64.71,68.15,76.23,44.42,"30' 2""","48' 11""",.115,55.35,61.85,-.052,38.56,2.68,1.794,29.07,15.75,1.17,"$800,710"
Graeme McDowell,-.648,-.855,286.9,60.38,2.78,-.359,60.03,68.67,72.48,40.10,"34' 9""","45' 3""",-.090,40.48,62.93,-.034,37.96,1.39,1.794,28.50,17.13,.95,"$212,749",-.586,-.566,283.9,60.93,9.30,.122,63.31,68.32,75.60,46.88,"32' 11""","50' 3""",-.103,36.49,54.26,-.222,38.54,3.01,1.768,29.06,18.98,1.02,"$751,082",-.426,-.346,285.9,60.82,6.72,-.016,64.79,67.41,77.10,48.78,"32' 10""","45' 2""",.096,56.62,62.22,.731,41.71,2.35,1.758,28.52,15.10,1.34,"$1,671,523",.124,.219,293.2,62.14,6.36,.046,64.50,70.77,72.80,48.96,"32' 9""","47' 6""",.049,47.37,59.95,.478,38.89,3.58,1.796,29.20,16.76,1.13,"$581,024",.085,-.062,279.5,59.39,.00,-.036,62.60,67.33,71.56,41.70,"32' 0""","49' 7""",-.111,50.51,58.09,.563,42.96,3.27,1.742,28.32,18.35,1.15,"$639,770"
Nick Watney,-.670,-.681,301.1,62.91,14.71,-.487,61.76,78.79,71.88,55.95,"34' 1""","45' 8""",.791,36.54,63.25,-.646,37.25,3.10,1.825,28.56,18.79,.84,"$81,225",-.433,.145,302.3,62.87,13.64,.416,70.20,75.46,82.11,56.20,"31' 3""","43' 7""",.162,45.31,55.51,.132,37.63,3.28,1.750,29.34,15.66,1.45,"$534,797",.010,.121,301.7,63.51,20.67,.071,68.61,73.83,80.76,53.08,"29' 9""","43' 1""",.040,50.35,59.49,.012,38.49,2.81,1.765,29.24,14.99,1.50,"$1,008,964",.170,.143,307.5,63.61,26.11,.141,67.96,73.68,78.50,57.12,"29' 6""","43' 4""",-.167,43.79,55.68,.200,37.59,2.10,1.755,29.26,15.74,1.32,"$1,402,833",-.063,.284,300.9,63.32,16.67,.585,66.43,73.44,76.26,54.23,"28' 9""","40' 1""",-.238,56.10,58.99,-.113,36.55,3.22,1.807,29.45,16.26,1.17,"$824,162"
Brian Gay,-.825,-1.373,287.3,62.03,9.52,-.633,60.98,66.67,73.13,51.75,"34' 4""","47' 10""",.085,53.03,58.98,.112,41.80,2.91,1.777,28.36,18.39,1.03,"$868,806",-.353,-.707,288.5,62.16,7.94,-.293,64.81,67.89,76.60,54.40,"31' 0""","42' 3""",-.061,38.53,56.89,.129,40.92,2.12,1.722,28.54,17.02,1.30,"$702,647",-.286,-.613,274.9,60.29,1.85,-.392,64.36,68.90,71.41,49.73,"32' 11""","45' 8""",.065,48.25,61.65,.335,40.64,2.37,1.758,28.65,15.67,1.27,"$1,029,440",-.166,.123,282.9,60.71,4.46,.036,64.52,68.84,73.19,44.80,"31' 2""","47' 3""",.253,53.10,63.26,.442,43.40,2.31,1.726,28.25,14.96,1.44,"$2,152,501",-.417,-.168,278.7,60.89,1.92,-.006,63.53,68.20,73.63,48.14,"31' 1""","45' 4""",.254,54.17,62.30,.451,42.02,1.42,1.748,28.32,15.03,1.27,"$942,372"
Fabian Gomez,-.879,-.217,282.9,60.66,2.70,-.530,61.41,72.55,75.38,44.44,"31' 11""","48' 10""",.997,55.17,66.54,-.382,40.99,2.70,1.785,28.35,15.62,1.12,"$104,505",-.251,-.259,289.2,61.97,7.27,-.137,66.67,70.94,76.88,53.23,"31' 5""","38' 7""",.129,58.23,60.91,.011,38.18,2.53,1.759,28.93,14.95,1.39,"$564,722",.048,-.016,290.2,61.76,8.87,-.286,68.10,72.80,79.02,50.00,"31' 10""","49' 4""",.222,45.35,60.67,-.144,38.89,3.41,1.775,29.18,15.41,1.33,"$433,027",-.062,-.107,291.1,62.04,10.71,-.015,67.86,72.83,77.79,51.71,"31' 0""","44' 10""",-.030,43.20,58.85,.001,37.24,2.71,1.780,29.38,15.34,1.26,"$437,032",.022,-.402,285.1,62.05,1.69,-.429,64.69,69.61,77.00,52.37,"33' 3""","44' 11""",.006,51.35,58.67,-.006,38.51,2.73,1.779,29.15,16.95,1.14,"$332,352"
Sung Kang,-.939,-1.973,290.6,61.56,12.04,-.615,59.47,67.31,70.71,45.53,"35' 3""","47' 8""",-.426,47.47,50.76,-.308,39.20,3.50,1.780,29.26,22.94,.78,"$218,872",.006,-.225,303.4,64.75,24.62,.000,65.30,71.33,76.94,55.41,"33' 1""","41' 4""",-.231,44.44,54.17,-.307,37.75,3.65,1.786,29.27,19.10,1.08,"$1,560,024",.165,.118,300.5,62.78,16.25,.036,66.14,72.86,79.89,48.26,"31' 9""","46' 6""",-.083,57.75,59.96,-.088,39.22,3.70,1.777,29.19,16.40,1.28,"$2,801,650",-.488,-.806,293.1,61.74,8.44,-.094,63.20,67.58,76.00,43.50,"29' 8""","50' 6""",-.225,50.34,52.40,-.235,38.76,2.94,1.768,29.24,19.28,1.01,"$1,243,309",.255,.325,296.4,63.35,13.27,.251,66.07,71.07,76.71,51.13,"31' 9""","45' 0""",-.182,51.45,56.98,.154,38.78,3.05,1.772,29.08,17.05,1.24,"$1,943,309"
Jimmy Walker,-1.049,-1.902,298.9,62.57,18.75,-.554,57.64,61.47,71.55,46.93,"35' 7""","47' 4""",-.299,54.41,49.84,.421,38.75,2.08,1.776,28.75,23.19,.75,"$91,648",-.909,-.496,298.0,63.03,17.39,.444,62.20,66.67,78.74,50.88,"30' 6""","45' 1""",-.031,37.11,51.44,-.349,38.77,3.26,1.765,29.28,21.01,.94,"$243,370",-.181,.192,299.2,62.95,13.64,.051,64.71,68.81,78.13,50.98,"32' 5""","41' 10""",.322,61.76,63.40,-.130,40.54,3.23,1.794,28.86,15.77,1.18,"$590,437",-.437,.033,299.0,62.09,18.83,.304,61.90,68.10,75.13,47.40,"31' 4""","43' 8""",.166,53.33,59.09,.324,41.41,2.24,1.756,28.34,17.24,1.19,"$2,027,312",-.258,.138,295.7,62.60,18.03,.518,63.57,70.44,74.43,43.22,"31' 0""","41' 9""",-.123,57.89,57.25,.135,38.63,3.16,1.771,28.90,18.97,1.01,"$1,101,162"
